tree_bonsai,tree_hexio_v_3_3_18,comment,prefixed_id,skos_uri
C_FO_OTHE,C_COMF,many-to-one correspondence,many-to-one correspondence,http://www.w3.org/2004/02/skos/core#closeMatch
C_INCF,C_INCF,many-to-one correspondence,many-to-one correspondence,http://www.w3.org/2004/02/skos/core#closeMatch
C_LANF,C_LANF,one-to-one correspondence,one-to-one correspondence,http://www.w3.org/2004/02/skos/core#exactMatch
C_FOOD_w_water,C_WASF,many-to-one correspondence,many-to-one correspondence,http://www.w3.org/2004/02/skos/core#closeMatch
C_MANC,C_MANC,many-to-one correspondence,many-to-one correspondence,http://www.w3.org/2004/02/skos/core#closeMatch
C_TE_INCI,C_INCT,many-to-one correspondence,many-to-one correspondence,http://www.w3.org/2004/02/skos/core#closeMatch
C_TE_LAND,C_LANT,one-to-one correspondence,one-to-one correspondence,http://www.w3.org/2004/02/skos/core#exactMatch
C_WO_OTHE,C_COMW,many-to-one correspondence,many-to-one correspondence,http://www.w3.org/2004/02/skos/core#closeMatch
C_INCW,C_INCW,many-to-one correspondence,many-to-one correspondence,http://www.w3.org/2004/02/skos/core#closeMatch
C_LANW,C_LANW,one-to-one correspondence,one-to-one correspondence,http://www.w3.org/2004/02/skos/core#exactMatch
C_WOOW,C_WOOW,one-to-one correspondence,one-to-one correspondence,http://www.w3.org/2004/02/skos/core#exactMatch
C_PA_OTHE,C_COMW,many-to-one correspondence,many-to-one correspondence,http://www.w3.org/2004/02/skos/core#closeMatch
C_INCP,C_INCP,many-to-one correspondence,many-to-one correspondence,http://www.w3.org/2004/02/skos/core#closeMatch
C_LANP,C_LANP,one-to-one correspondence,one-to-one correspondence,http://www.w3.org/2004/02/skos/core#exactMatch
C_PAPR,C_PAPR,one-to-one correspondence,one-to-one correspondence,http://www.w3.org/2004/02/skos/core#exactMatch
C_INCL,C_INCL,many-to-one correspondence,many-to-one correspondence,http://www.w3.org/2004/02/skos/core#closeMatch
C_LANL,C_LANL,one-to-one correspondence,one-to-one correspondence,http://www.w3.org/2004/02/skos/core#exactMatch
C_PLAW,C_PLAW,one-to-one correspondence,one-to-one correspondence,http://www.w3.org/2004/02/skos/core#exactMatch
C_GLAS_reuse,C_BOTW,one-to-one correspondence,one-to-one correspondence,http://www.w3.org/2004/02/skos/core#exactMatch
C_GLAW,C_GLAW,one-to-one correspondence,one-to-one correspondence,http://www.w3.org/2004/02/skos/core#exactMatch
C_GL_INCI,C_INCM,many-to-one correspondence,many-to-one correspondence,http://www.w3.org/2004/02/skos/core#closeMatch
C_GL_LAND,C_LANI,many-to-one correspondence,many-to-one correspondence,http://www.w3.org/2004/02/skos/core#closeMatch
C_ASHW,C_ASHW,one-to-one correspondence,one-to-one correspondence,http://www.w3.org/2004/02/skos/core#exactMatch
C_AS_LAND,C_LANI,many-to-one correspondence,many-to-one correspondence,http://www.w3.org/2004/02/skos/core#closeMatch
C_ST_INCI,C_INCM,many-to-one correspondence,many-to-one correspondence,http://www.w3.org/2004/02/skos/core#closeMatch
C_ST_LAND,C_LANI,many-to-one correspondence,many-to-one correspondence,http://www.w3.org/2004/02/skos/core#closeMatch
C_STEW,C_STEW,one-to-one correspondence,one-to-one correspondence,http://www.w3.org/2004/02/skos/core#exactMatch
C_PM_INCI,C_INCM,many-to-one correspondence,many-to-one correspondence,http://www.w3.org/2004/02/skos/core#closeMatch
C_PM_LAND,C_LANI,many-to-one correspondence,many-to-one correspondence,http://www.w3.org/2004/02/skos/core#closeMatch
C_PREW,C_PREW,one-to-one correspondence,one-to-one correspondence,http://www.w3.org/2004/02/skos/core#exactMatch
C_ALUW,C_ALUW,one-to-one correspondence,one-to-one correspondence,http://www.w3.org/2004/02/skos/core#exactMatch
C_AL_LAND,C_INCM,many-to-one correspondence,many-to-one correspondence,http://www.w3.org/2004/02/skos/core#closeMatch
C_AL_INCI,C_LANI,many-to-one correspondence,many-to-one correspondence,http://www.w3.org/2004/02/skos/core#closeMatch
C_LZT_INCI,C_INCM,many-to-one correspondence,many-to-one correspondence,http://www.w3.org/2004/02/skos/core#closeMatch
C_LZT_LAND,C_LANI,many-to-one correspondence,many-to-one correspondence,http://www.w3.org/2004/02/skos/core#closeMatch
C_LZTW,C_LZTW,one-to-one correspondence,one-to-one correspondence,http://www.w3.org/2004/02/skos/core#exactMatch
C_COPW,C_COPW,one-to-one correspondence,one-to-one correspondence,http://www.w3.org/2004/02/skos/core#exactMatch
C_CU_INCI,C_INCM,many-to-one correspondence,many-to-one correspondence,http://www.w3.org/2004/02/skos/core#closeMatch
C_CU_LAND,C_LANI,many-to-one correspondence,many-to-one correspondence,http://www.w3.org/2004/02/skos/core#closeMatch
C_ONF_INCI,C_INCM,many-to-one correspondence,many-to-one correspondence,http://www.w3.org/2004/02/skos/core#closeMatch
C_ONF_LAND,C_LANI,many-to-one correspondence,many-to-one correspondence,http://www.w3.org/2004/02/skos/core#closeMatch
C_ONFW,C_ONFW,one-to-one correspondence,one-to-one correspondence,http://www.w3.org/2004/02/skos/core#exactMatch
C_CONW,C_CONW,one-to-one correspondence,one-to-one correspondence,http://www.w3.org/2004/02/skos/core#exactMatch
C_CO_INCI,C_INCM,many-to-one correspondence,many-to-one correspondence,http://www.w3.org/2004/02/skos/core#closeMatch
C_CO_LAND,C_LANI,many-to-one correspondence,many-to-one correspondence,http://www.w3.org/2004/02/skos/core#closeMatch
C_HA_INCI,C_INCO,many-to-one correspondence,many-to-one correspondence,http://www.w3.org/2004/02/skos/core#closeMatch
C_HA_LAND,C_LANI,many-to-one correspondence,many-to-one correspondence,http://www.w3.org/2004/02/skos/core#closeMatch
C_SE_biog,C_BIOS,many-to-one correspondence,many-to-one correspondence,http://www.w3.org/2004/02/skos/core#closeMatch
C_SE_INCI,C_INCM,many-to-one correspondence,many-to-one correspondence,http://www.w3.org/2004/02/skos/core#closeMatch
C_SE_LAND,C_LANI,many-to-one correspondence,many-to-one correspondence,http://www.w3.org/2004/02/skos/core#closeMatch
C_SE_wwater,C_WASO,many-to-one correspondence,many-to-one correspondence,http://www.w3.org/2004/02/skos/core#closeMatch
C_Almod,C_OFOD,many-to-one correspondence,many-to-one correspondence,http://www.w3.org/2004/02/skos/core#closeMatch
C_Anim_ofat,C_POME,many-to-one correspondence,many-to-one correspondence,http://www.w3.org/2004/02/skos/core#closeMatch
C_Appls,C_FVEG,many-to-one correspondence,many-to-one correspondence,http://www.w3.org/2004/02/skos/core#closeMatch
C_Apris,C_FVEG,many-to-one correspondence,many-to-one correspondence,http://www.w3.org/2004/02/skos/core#closeMatch
C_Aspas,C_FVEG,many-to-one correspondence,many-to-one correspondence,http://www.w3.org/2004/02/skos/core#closeMatch
C_Barly,C_OCER,many-to-one correspondence,many-to-one correspondence,http://www.w3.org/2004/02/skos/core#closeMatch
C_Barld,C_OFOD,many-to-one correspondence,many-to-one correspondence,http://www.w3.org/2004/02/skos/core#closeMatch
C_Barlt,C_OFOD,many-to-one correspondence,many-to-one correspondence,http://www.w3.org/2004/02/skos/core#closeMatch
C_Beann,C_FVEG,many-to-one correspondence,many-to-one correspondence,http://www.w3.org/2004/02/skos/core#closeMatch
C_Beer_barl,C_BEVR,many-to-one correspondence,many-to-one correspondence,http://www.w3.org/2004/02/skos/core#closeMatch
C_Berrs,C_FVEG,many-to-one correspondence,many-to-one correspondence,http://www.w3.org/2004/02/skos/core#closeMatch
C_Bev_dstl,C_BEVR,many-to-one correspondence,many-to-one correspondence,http://www.w3.org/2004/02/skos/core#closeMatch
C_Bran_ bar,C_OFOD,many-to-one correspondence,many-to-one correspondence,http://www.w3.org/2004/02/skos/core#closeMatch
C_Bran_ cer,C_OFOD,many-to-one correspondence,many-to-one correspondence,http://www.w3.org/2004/02/skos/core#closeMatch
C_Bran_ mai,C_OFOD,many-to-one correspondence,many-to-one correspondence,http://www.w3.org/2004/02/skos/core#closeMatch
C_Bran_ oat,C_OFOD,many-to-one correspondence,many-to-one correspondence,http://www.w3.org/2004/02/skos/core#closeMatch
C_Bran_ pul,C_OFOD,many-to-one correspondence,many-to-one correspondence,http://www.w3.org/2004/02/skos/core#closeMatch
C_Bran_ ric,C_RICE,many-to-one correspondence,many-to-one correspondence,http://www.w3.org/2004/02/skos/core#closeMatch
C_Bran_ rye,C_OFOD,many-to-one correspondence,many-to-one correspondence,http://www.w3.org/2004/02/skos/core#closeMatch
C_Bran_ whe,C_OFOD,many-to-one correspondence,many-to-one correspondence,http://www.w3.org/2004/02/skos/core#closeMatch
C_Broay,C_FVEG,many-to-one correspondence,many-to-one correspondence,http://www.w3.org/2004/02/skos/core#closeMatch
C_Butt_cow,C_DAIR,many-to-one correspondence,many-to-one correspondence,http://www.w3.org/2004/02/skos/core#closeMatch
C_Buttk,C_DAIR,many-to-one correspondence,many-to-one correspondence,http://www.w3.org/2004/02/skos/core#closeMatch
C_Cabbs,C_FVEG,many-to-one correspondence,many-to-one correspondence,http://www.w3.org/2004/02/skos/core#closeMatch
C_Cklins,C_VOIL,many-to-one correspondence,many-to-one correspondence,http://www.w3.org/2004/02/skos/core#closeMatch
C_Ckmust,C_VOIL,many-to-one correspondence,many-to-one correspondence,http://www.w3.org/2004/02/skos/core#closeMatch
C_Ckrapes,C_VOIL,many-to-one correspondence,many-to-one correspondence,http://www.w3.org/2004/02/skos/core#closeMatch
C_Cksoyb,C_VOIL,many-to-one correspondence,many-to-one correspondence,http://www.w3.org/2004/02/skos/core#closeMatch
C_Cksunf,C_VOIL,many-to-one correspondence,many-to-one correspondence,http://www.w3.org/2004/02/skos/core#closeMatch
C_Carrs,C_FVEG,many-to-one correspondence,many-to-one correspondence,http://www.w3.org/2004/02/skos/core#closeMatch
C_Casen,C_DAIR,many-to-one correspondence,many-to-one correspondence,http://www.w3.org/2004/02/skos/core#closeMatch
C_Cauli,C_FVEG,many-to-one correspondence,many-to-one correspondence,http://www.w3.org/2004/02/skos/core#closeMatch
C_Cer_prep,C_OFOD,many-to-one correspondence,many-to-one correspondence,http://www.w3.org/2004/02/skos/core#closeMatch
C_Ceres,C_OCER,many-to-one correspondence,many-to-one correspondence,http://www.w3.org/2004/02/skos/core#closeMatch
C_Chee_goat,C_DAIR,many-to-one correspondence,many-to-one correspondence,http://www.w3.org/2004/02/skos/core#closeMatch
C_Chee_proc,C_DAIR,many-to-one correspondence,many-to-one correspondence,http://www.w3.org/2004/02/skos/core#closeMatch
C_Chee_sheep,C_DAIR,many-to-one correspondence,many-to-one correspondence,http://www.w3.org/2004/02/skos/core#closeMatch
C_Chee_cow_sk,C_DAIR,many-to-one correspondence,many-to-one correspondence,http://www.w3.org/2004/02/skos/core#closeMatch
C_Chee_cow_wh,C_DAIR,many-to-one correspondence,many-to-one correspondence,http://www.w3.org/2004/02/skos/core#closeMatch
C_Chers,C_FVEG,many-to-one correspondence,many-to-one correspondence,http://www.w3.org/2004/02/skos/core#closeMatch
C_Cherr,C_FVEG,many-to-one correspondence,many-to-one correspondence,http://www.w3.org/2004/02/skos/core#closeMatch
C_Chiln,C_OTCR,many-to-one correspondence,many-to-one correspondence,http://www.w3.org/2004/02/skos/core#closeMatch
C_Chocs,C_OFOD,many-to-one correspondence,many-to-one correspondence,http://www.w3.org/2004/02/skos/core#closeMatch
C_Cider,C_BEVR,many-to-one correspondence,many-to-one correspondence,http://www.w3.org/2004/02/skos/core#closeMatch
C_Coco_but,C_OFOD,many-to-one correspondence,many-to-one correspondence,http://www.w3.org/2004/02/skos/core#closeMatch
C_Coco_husk,C_OFOD,many-to-one correspondence,many-to-one correspondence,http://www.w3.org/2004/02/skos/core#closeMatch
C_Coco_pas,C_OFOD,many-to-one correspondence,many-to-one correspondence,http://www.w3.org/2004/02/skos/core#closeMatch
C_Coco_pow,C_OFOD,many-to-one correspondence,many-to-one correspondence,http://www.w3.org/2004/02/skos/core#closeMatch
C_Coffe_roas,C_OFOD,many-to-one correspondence,many-to-one correspondence,http://www.w3.org/2004/02/skos/core#closeMatch
C_Coff_sub,C_OFOD,many-to-one correspondence,many-to-one correspondence,http://www.w3.org/2004/02/skos/core#closeMatch
C_Creah,C_DAIR,many-to-one correspondence,many-to-one correspondence,http://www.w3.org/2004/02/skos/core#closeMatch
C_Cucus,C_FVEG,many-to-one correspondence,many-to-one correspondence,http://www.w3.org/2004/02/skos/core#closeMatch
C_Currs,C_FVEG,many-to-one correspondence,many-to-one correspondence,http://www.w3.org/2004/02/skos/core#closeMatch
C_Eggpl,C_FVEG,many-to-one correspondence,many-to-one correspondence,http://www.w3.org/2004/02/skos/core#closeMatch
C_Eggsl,C_PLTR,many-to-one correspondence,many-to-one correspondence,http://www.w3.org/2004/02/skos/core#closeMatch
C_Fat_cow,C_PCAT,many-to-one correspondence,many-to-one correspondence,http://www.w3.org/2004/02/skos/core#closeMatch
C_Fat_goat,C_POME,many-to-one correspondence,many-to-one correspondence,http://www.w3.org/2004/02/skos/core#closeMatch
C_Fat_pig,C_PPIG,many-to-one correspondence,many-to-one correspondence,http://www.w3.org/2004/02/skos/core#closeMatch
C_Fat_poul,C_PPLT,many-to-one correspondence,many-to-one correspondence,http://www.w3.org/2004/02/skos/core#closeMatch
C_Fat_poul_ren,C_PPLT,many-to-one correspondence,many-to-one correspondence,http://www.w3.org/2004/02/skos/core#closeMatch
C_Fat_sheep,C_POME,many-to-one correspondence,many-to-one correspondence,http://www.w3.org/2004/02/skos/core#closeMatch
C_Feedn,C_OFOD,many-to-one correspondence,many-to-one correspondence,http://www.w3.org/2004/02/skos/core#closeMatch
C_Flour_barl,C_OFOD,many-to-one correspondence,many-to-one correspondence,http://www.w3.org/2004/02/skos/core#closeMatch
C_Flour_maiz,C_OFOD,many-to-one correspondence,many-to-one correspondence,http://www.w3.org/2004/02/skos/core#closeMatch
C_Flour_must,C_OFOD,many-to-one correspondence,many-to-one correspondence,http://www.w3.org/2004/02/skos/core#closeMatch
C_Flour_pota,C_OFOD,many-to-one correspondence,many-to-one correspondence,http://www.w3.org/2004/02/skos/core#closeMatch
C_Flour_puls,C_OFOD,many-to-one correspondence,many-to-one correspondence,http://www.w3.org/2004/02/skos/core#closeMatch
C_Flour_rye,C_OFOD,many-to-one correspondence,many-to-one correspondence,http://www.w3.org/2004/02/skos/core#closeMatch
C_Flour_whea,C_OFOD,many-to-one correspondence,many-to-one correspondence,http://www.w3.org/2004/02/skos/core#closeMatch
C_Fruhom,C_OFOD,many-to-one correspondence,many-to-one correspondence,http://www.w3.org/2004/02/skos/core#closeMatch
C_Garlc,C_OTCR,many-to-one correspondence,many-to-one correspondence,http://www.w3.org/2004/02/skos/core#closeMatch
C_Germe,C_OCER,many-to-one correspondence,many-to-one correspondence,http://www.w3.org/2004/02/skos/core#closeMatch
C_Germt,C_WHEA,many-to-one correspondence,many-to-one correspondence,http://www.w3.org/2004/02/skos/core#closeMatch
C_Gluce,C_SUGR,many-to-one correspondence,many-to-one correspondence,http://www.w3.org/2004/02/skos/core#closeMatch
C_Gluten_mais,C_OFOD,many-to-one correspondence,many-to-one correspondence,http://www.w3.org/2004/02/skos/core#closeMatch
C_Gluten_wht,C_OFOD,many-to-one correspondence,many-to-one correspondence,http://www.w3.org/2004/02/skos/core#closeMatch
C_Gooss,C_FVEG,many-to-one correspondence,many-to-one correspondence,http://www.w3.org/2004/02/skos/core#closeMatch
C_Graid,C_OCER,many-to-one correspondence,many-to-one correspondence,http://www.w3.org/2004/02/skos/core#closeMatch
C_Graps,C_FVEG,many-to-one correspondence,many-to-one correspondence,http://www.w3.org/2004/02/skos/core#closeMatch
C_Grapt,C_BEVR,many-to-one correspondence,many-to-one correspondence,http://www.w3.org/2004/02/skos/core#closeMatch
C_Grou_shld,C_OFOD,many-to-one correspondence,many-to-one correspondence,http://www.w3.org/2004/02/skos/core#closeMatch
C_Haze_shld,C_OFOD,many-to-one correspondence,many-to-one correspondence,http://www.w3.org/2004/02/skos/core#closeMatch
C_Hemp,C_OILS,many-to-one correspondence,many-to-one correspondence,http://www.w3.org/2004/02/skos/core#closeMatch
C_Hide_cow,C_PCAT,many-to-one correspondence,many-to-one correspondence,http://www.w3.org/2004/02/skos/core#closeMatch
C_Honel,C_OANP,many-to-one correspondence,many-to-one correspondence,http://www.w3.org/2004/02/skos/core#closeMatch
C_Hops,C_OCER,many-to-one correspondence,many-to-one correspondence,http://www.w3.org/2004/02/skos/core#closeMatch
C_Juice_appl_con,C_OFOD,many-to-one correspondence,many-to-one correspondence,http://www.w3.org/2004/02/skos/core#closeMatch
C_Juice_appl,C_OFOD,many-to-one correspondence,many-to-one correspondence,http://www.w3.org/2004/02/skos/core#closeMatch
C_Juice_frui,C_OFOD,many-to-one correspondence,many-to-one correspondence,http://www.w3.org/2004/02/skos/core#closeMatch
C_Juice_grapfrt,C_OFOD,many-to-one correspondence,many-to-one correspondence,http://www.w3.org/2004/02/skos/core#closeMatch
C_Juice_lemo_con,C_OFOD,many-to-one correspondence,many-to-one correspondence,http://www.w3.org/2004/02/skos/core#closeMatch
C_Juice_oran,C_OFOD,many-to-one correspondence,many-to-one correspondence,http://www.w3.org/2004/02/skos/core#closeMatch
C_Juice_pine,C_OFOD,many-to-one correspondence,many-to-one correspondence,http://www.w3.org/2004/02/skos/core#closeMatch
C_Juice_toma,C_OFOD,many-to-one correspondence,many-to-one correspondence,http://www.w3.org/2004/02/skos/core#closeMatch
C_Juice_vege,C_OFOD,many-to-one correspondence,many-to-one correspondence,http://www.w3.org/2004/02/skos/core#closeMatch
C_Lard,C_PPIG,many-to-one correspondence,many-to-one correspondence,http://www.w3.org/2004/02/skos/core#closeMatch
C_Leeks,C_FVEG,many-to-one correspondence,many-to-one correspondence,http://www.w3.org/2004/02/skos/core#closeMatch
C_Letty,C_FVEG,many-to-one correspondence,many-to-one correspondence,http://www.w3.org/2004/02/skos/core#closeMatch
C_Linsd,C_OILS,many-to-one correspondence,many-to-one correspondence,http://www.w3.org/2004/02/skos/core#closeMatch
C_Lupis,C_FVEG,many-to-one correspondence,many-to-one correspondence,http://www.w3.org/2004/02/skos/core#closeMatch
C_Maize,C_OCER,many-to-one correspondence,many-to-one correspondence,http://www.w3.org/2004/02/skos/core#closeMatch
C_Maizn,C_OCER,many-to-one correspondence,many-to-one correspondence,http://www.w3.org/2004/02/skos/core#closeMatch
C_Maltt,C_OFOD,many-to-one correspondence,many-to-one correspondence,http://www.w3.org/2004/02/skos/core#closeMatch
C_Margt,C_VOIL,many-to-one correspondence,many-to-one correspondence,http://www.w3.org/2004/02/skos/core#closeMatch
C_Meat_nes,C_POME,many-to-one correspondence,many-to-one correspondence,http://www.w3.org/2004/02/skos/core#closeMatch
C_Meat_chic,C_PPLT,many-to-one correspondence,many-to-one correspondence,http://www.w3.org/2004/02/skos/core#closeMatch
C_Meat_drie,C_POME,many-to-one correspondence,many-to-one correspondence,http://www.w3.org/2004/02/skos/core#closeMatch
C_Meat_duck,C_PPLT,many-to-one correspondence,many-to-one correspondence,http://www.w3.org/2004/02/skos/core#closeMatch
C_Meat_game,C_POME,many-to-one correspondence,many-to-one correspondence,http://www.w3.org/2004/02/skos/core#closeMatch
C_Meat_goat,C_POME,many-to-one correspondence,many-to-one correspondence,http://www.w3.org/2004/02/skos/core#closeMatch
C_Meat_goos,C_POME,many-to-one correspondence,many-to-one correspondence,http://www.w3.org/2004/02/skos/core#closeMatch
C_Meat_homo,C_POME,many-to-one correspondence,many-to-one correspondence,http://www.w3.org/2004/02/skos/core#closeMatch
C_Meat_hors,C_POME,many-to-one correspondence,many-to-one correspondence,http://www.w3.org/2004/02/skos/core#closeMatch
C_Meat_pig,C_PPIG,many-to-one correspondence,many-to-one correspondence,http://www.w3.org/2004/02/skos/core#closeMatch
C_Meat_rabb,C_POME,many-to-one correspondence,many-to-one correspondence,http://www.w3.org/2004/02/skos/core#closeMatch
C_Meat_shee,C_POME,many-to-one correspondence,many-to-one correspondence,http://www.w3.org/2004/02/skos/core#closeMatch
C_Meat_turk,C_PPLT,many-to-one correspondence,many-to-one correspondence,http://www.w3.org/2004/02/skos/core#closeMatch
C_Milk_skim_cow,C_DAIR,many-to-one correspondence,many-to-one correspondence,http://www.w3.org/2004/02/skos/core#closeMatch
C_Milk_skim_dried,C_DAIR,many-to-one correspondence,many-to-one correspondence,http://www.w3.org/2004/02/skos/core#closeMatch
C_Millt,C_OCER,many-to-one correspondence,many-to-one correspondence,http://www.w3.org/2004/02/skos/core#closeMatch
C_Molas,C_SUGR,many-to-one correspondence,many-to-one correspondence,http://www.w3.org/2004/02/skos/core#closeMatch
C_Mushs,C_OCER,many-to-one correspondence,many-to-one correspondence,http://www.w3.org/2004/02/skos/core#closeMatch
C_Oatss,C_OCER,many-to-one correspondence,many-to-one correspondence,http://www.w3.org/2004/02/skos/core#closeMatch
C_Oatsd,C_OFOD,many-to-one correspondence,many-to-one correspondence,http://www.w3.org/2004/02/skos/core#closeMatch
C_Offae_cow,C_PCAT,many-to-one correspondence,many-to-one correspondence,http://www.w3.org/2004/02/skos/core#closeMatch
C_Offas_goat,C_POME,many-to-one correspondence,many-to-one correspondence,http://www.w3.org/2004/02/skos/core#closeMatch
C_Offas_hors,C_POME,many-to-one correspondence,many-to-one correspondence,http://www.w3.org/2004/02/skos/core#closeMatch
C_Offa_chick,C_PPLT,many-to-one correspondence,many-to-one correspondence,http://www.w3.org/2004/02/skos/core#closeMatch
C_Offa_duck,C_PPLT,many-to-one correspondence,many-to-one correspondence,http://www.w3.org/2004/02/skos/core#closeMatch
C_Offa_turkey,C_PPLT,many-to-one correspondence,many-to-one correspondence,http://www.w3.org/2004/02/skos/core#closeMatch
C_Offae_pigs,C_PPIG,many-to-one correspondence,many-to-one correspondence,http://www.w3.org/2004/02/skos/core#closeMatch
C_Offae_shee,C_POME,many-to-one correspondence,many-to-one correspondence,http://www.w3.org/2004/02/skos/core#closeMatch
C_Oil_lins,C_VOIL,many-to-one correspondence,many-to-one correspondence,http://www.w3.org/2004/02/skos/core#closeMatch
C_Oil_must,C_VOIL,many-to-one correspondence,many-to-one correspondence,http://www.w3.org/2004/02/skos/core#closeMatch
C_Oil_popp,C_VOIL,many-to-one correspondence,many-to-one correspondence,http://www.w3.org/2004/02/skos/core#closeMatch
C_Oil_rape,C_VOIL,many-to-one correspondence,many-to-one correspondence,http://www.w3.org/2004/02/skos/core#closeMatch
C_Oil_soyb,C_VOIL,many-to-one correspondence,many-to-one correspondence,http://www.w3.org/2004/02/skos/core#closeMatch
C_Oil_sunf,C_VOIL,many-to-one correspondence,many-to-one correspondence,http://www.w3.org/2004/02/skos/core#closeMatch
C_Oils_nes,C_POME,many-to-one correspondence,many-to-one correspondence,http://www.w3.org/2004/02/skos/core#closeMatch
C_Oilss,C_OILS,many-to-one correspondence,many-to-one correspondence,http://www.w3.org/2004/02/skos/core#closeMatch
C_Onioy,C_FVEG,many-to-one correspondence,many-to-one correspondence,http://www.w3.org/2004/02/skos/core#closeMatch
C_Pasty,C_OFOD,many-to-one correspondence,many-to-one correspondence,http://www.w3.org/2004/02/skos/core#closeMatch
C_Peacs,C_FVEG,many-to-one correspondence,many-to-one correspondence,http://www.w3.org/2004/02/skos/core#closeMatch
C_Pears,C_FVEG,many-to-one correspondence,many-to-one correspondence,http://www.w3.org/2004/02/skos/core#closeMatch
C_Peasy,C_FVEG,many-to-one correspondence,many-to-one correspondence,http://www.w3.org/2004/02/skos/core#closeMatch
C_Peasn,C_FVEG,many-to-one correspondence,many-to-one correspondence,http://www.w3.org/2004/02/skos/core#closeMatch
C_Plums,C_FVEG,many-to-one correspondence,many-to-one correspondence,http://www.w3.org/2004/02/skos/core#closeMatch
C_Poppd,C_OCER,many-to-one correspondence,many-to-one correspondence,http://www.w3.org/2004/02/skos/core#closeMatch
C_Potas,C_FVEG,many-to-one correspondence,many-to-one correspondence,http://www.w3.org/2004/02/skos/core#closeMatch
C_Potan,C_OFOD,many-to-one correspondence,many-to-one correspondence,http://www.w3.org/2004/02/skos/core#closeMatch
C_Pulss,C_FVEG,many-to-one correspondence,many-to-one correspondence,http://www.w3.org/2004/02/skos/core#closeMatch
C_Pumps,C_FVEG,many-to-one correspondence,many-to-one correspondence,http://www.w3.org/2004/02/skos/core#closeMatch
C_Raped,C_OILS,many-to-one correspondence,many-to-one correspondence,http://www.w3.org/2004/02/skos/core#closeMatch
C_Rasps,C_FVEG,many-to-one correspondence,many-to-one correspondence,http://www.w3.org/2004/02/skos/core#closeMatch
C_Rice_brok,C_RICE,many-to-one correspondence,many-to-one correspondence,http://www.w3.org/2004/02/skos/core#closeMatch
C_Rice_mill,C_RICE,many-to-one correspondence,many-to-one correspondence,http://www.w3.org/2004/02/skos/core#closeMatch
C_Rice_milhusk,C_RICE,many-to-one correspondence,many-to-one correspondence,http://www.w3.org/2004/02/skos/core#closeMatch
C_Ryee,C_OCER,many-to-one correspondence,many-to-one correspondence,http://www.w3.org/2004/02/skos/core#closeMatch
C_Skin_goat,C_POME,many-to-one correspondence,many-to-one correspondence,http://www.w3.org/2004/02/skos/core#closeMatch
C_Skin_she,C_POME,many-to-one correspondence,many-to-one correspondence,http://www.w3.org/2004/02/skos/core#closeMatch
C_Sorgm,C_OCER,many-to-one correspondence,many-to-one correspondence,http://www.w3.org/2004/02/skos/core#closeMatch
C_Soybs,C_OILS,many-to-one correspondence,many-to-one correspondence,http://www.w3.org/2004/02/skos/core#closeMatch
C_Spinh,C_FVEG,many-to-one correspondence,many-to-one correspondence,http://www.w3.org/2004/02/skos/core#closeMatch
C_Starch_maiz,C_OFOD,many-to-one correspondence,many-to-one correspondence,http://www.w3.org/2004/02/skos/core#closeMatch
C_Starch_pota,C_OFOD,many-to-one correspondence,many-to-one correspondence,http://www.w3.org/2004/02/skos/core#closeMatch
C_Starch_rice,C_OFOD,many-to-one correspondence,many-to-one correspondence,http://www.w3.org/2004/02/skos/core#closeMatch
C_Starch_whea,C_OFOD,many-to-one correspondence,many-to-one correspondence,http://www.w3.org/2004/02/skos/core#closeMatch
C_Stras,C_FVEG,many-to-one correspondence,many-to-one correspondence,http://www.w3.org/2004/02/skos/core#closeMatch
C_Sugar_rc,C_SUGR,many-to-one correspondence,many-to-one correspondence,http://www.w3.org/2004/02/skos/core#closeMatch
C_Sugat,C_FVEG,many-to-one correspondence,many-to-one correspondence,http://www.w3.org/2004/02/skos/core#closeMatch
C_Sunfd,C_OILS,many-to-one correspondence,many-to-one correspondence,http://www.w3.org/2004/02/skos/core#closeMatch
C_Tallw,C_DAIR,many-to-one correspondence,many-to-one correspondence,http://www.w3.org/2004/02/skos/core#closeMatch
C_Tobac,C_OTCR,many-to-one correspondence,many-to-one correspondence,http://www.w3.org/2004/02/skos/core#closeMatch
C_Tomas,C_FVEG,many-to-one correspondence,many-to-one correspondence,http://www.w3.org/2004/02/skos/core#closeMatch
C_Trite,C_OCER,many-to-one correspondence,many-to-one correspondence,http://www.w3.org/2004/02/skos/core#closeMatch
C_oVege_fresh,C_FVEG,many-to-one correspondence,many-to-one correspondence,http://www.w3.org/2004/02/skos/core#closeMatch
C_Vegeh,C_OFOD,many-to-one correspondence,many-to-one correspondence,http://www.w3.org/2004/02/skos/core#closeMatch
C_Vetcs,C_FVEG,many-to-one correspondence,many-to-one correspondence,http://www.w3.org/2004/02/skos/core#closeMatch
C_Wafes,C_OFOD,many-to-one correspondence,many-to-one correspondence,http://www.w3.org/2004/02/skos/core#closeMatch
C_Walnd,C_OFOD,many-to-one correspondence,many-to-one correspondence,http://www.w3.org/2004/02/skos/core#closeMatch
C_Walnl,C_FVEG,many-to-one correspondence,many-to-one correspondence,http://www.w3.org/2004/02/skos/core#closeMatch
C_Wates,C_FVEG,many-to-one correspondence,many-to-one correspondence,http://www.w3.org/2004/02/skos/core#closeMatch
C_Wheat,C_WHEA,many-to-one correspondence,many-to-one correspondence,http://www.w3.org/2004/02/skos/core#closeMatch
C_Wheye,C_DAIR,many-to-one correspondence,many-to-one correspondence,http://www.w3.org/2004/02/skos/core#closeMatch
C_Whey_con,C_DAIR,many-to-one correspondence,many-to-one correspondence,http://www.w3.org/2004/02/skos/core#closeMatch
C_Whey_dry,C_DAIR,many-to-one correspondence,many-to-one correspondence,http://www.w3.org/2004/02/skos/core#closeMatch
C_Wheyh,C_DAIR,many-to-one correspondence,many-to-one correspondence,http://www.w3.org/2004/02/skos/core#closeMatch
C_Wine,C_BEVR,many-to-one correspondence,many-to-one correspondence,http://www.w3.org/2004/02/skos/core#closeMatch
C_Almol,C_FVEG,many-to-one correspondence,many-to-one correspondence,http://www.w3.org/2004/02/skos/core#closeMatch
C_Anisr,C_FVEG,many-to-one correspondence,many-to-one correspondence,http://www.w3.org/2004/02/skos/core#closeMatch
C_Apriy,C_OFOD,many-to-one correspondence,many-to-one correspondence,http://www.w3.org/2004/02/skos/core#closeMatch
C_Avocs,C_FVEG,many-to-one correspondence,many-to-one correspondence,http://www.w3.org/2004/02/skos/core#closeMatch
C_Banas,C_FVEG,many-to-one correspondence,many-to-one correspondence,http://www.w3.org/2004/02/skos/core#closeMatch
C_Beany,C_FVEG,many-to-one correspondence,many-to-one correspondence,http://www.w3.org/2004/02/skos/core#closeMatch
C_Beesx,C_OANP,many-to-one correspondence,many-to-one correspondence,http://www.w3.org/2004/02/skos/core#closeMatch
C_Blues,C_FVEG,many-to-one correspondence,many-to-one correspondence,http://www.w3.org/2004/02/skos/core#closeMatch
C_Ckcotton,C_VOIL,many-to-one correspondence,many-to-one correspondence,http://www.w3.org/2004/02/skos/core#closeMatch
C_Ckgound,C_VOIL,many-to-one correspondence,many-to-one correspondence,http://www.w3.org/2004/02/skos/core#closeMatch
C_Ckmaize,C_VOIL,many-to-one correspondence,many-to-one correspondence,http://www.w3.org/2004/02/skos/core#closeMatch
C_Cksaffl,C_VOIL,many-to-one correspondence,many-to-one correspondence,http://www.w3.org/2004/02/skos/core#closeMatch
C_Cksesam,C_VOIL,many-to-one correspondence,many-to-one correspondence,http://www.w3.org/2004/02/skos/core#closeMatch
C_Canad,C_OILS,many-to-one correspondence,many-to-one correspondence,http://www.w3.org/2004/02/skos/core#closeMatch
C_Cer_brkf,C_OFOD,many-to-one correspondence,many-to-one correspondence,http://www.w3.org/2004/02/skos/core#closeMatch
C_Chick,C_FVEG,many-to-one correspondence,many-to-one correspondence,http://www.w3.org/2004/02/skos/core#closeMatch
C_Coff_ext,C_OFOD,many-to-one correspondence,many-to-one correspondence,http://www.w3.org/2004/02/skos/core#closeMatch
C_Cotton,C_OILS,many-to-one correspondence,many-to-one correspondence,http://www.w3.org/2004/02/skos/core#closeMatch
C_Cottd,C_OILS,many-to-one correspondence,many-to-one correspondence,http://www.w3.org/2004/02/skos/core#closeMatch
C_Fat_nes,C_POME,many-to-one correspondence,many-to-one correspondence,http://www.w3.org/2004/02/skos/core#closeMatch
C_Fat_ac,C_POME,many-to-one correspondence,many-to-one correspondence,http://www.w3.org/2004/02/skos/core#closeMatch
C_Figss,C_FVEG,many-to-one correspondence,many-to-one correspondence,http://www.w3.org/2004/02/skos/core#closeMatch
C_Flour_rice,C_OFOD,many-to-one correspondence,many-to-one correspondence,http://www.w3.org/2004/02/skos/core#closeMatch
C_Flour_sorg,C_OFOD,many-to-one correspondence,many-to-one correspondence,http://www.w3.org/2004/02/skos/core#closeMatch
C_oFru_cit,C_FVEG,many-to-one correspondence,many-to-one correspondence,http://www.w3.org/2004/02/skos/core#closeMatch
C_Frudry,C_OFOD,many-to-one correspondence,many-to-one correspondence,http://www.w3.org/2004/02/skos/core#closeMatch
C_Fruprep,C_OFOD,many-to-one correspondence,many-to-one correspondence,http://www.w3.org/2004/02/skos/core#closeMatch
C_Ghee_cow,C_DAIR,many-to-one correspondence,many-to-one correspondence,http://www.w3.org/2004/02/skos/core#closeMatch
C_Grapf,C_FVEG,many-to-one correspondence,many-to-one correspondence,http://www.w3.org/2004/02/skos/core#closeMatch
C_Grou_prep,C_OFOD,many-to-one correspondence,many-to-one correspondence,http://www.w3.org/2004/02/skos/core#closeMatch
C_Groul,C_OILS,many-to-one correspondence,many-to-one correspondence,http://www.w3.org/2004/02/skos/core#closeMatch
C_Juice_grapes,C_OFOD,many-to-one correspondence,many-to-one correspondence,http://www.w3.org/2004/02/skos/core#closeMatch
C_Juice_grapef,C_OFOD,many-to-one correspondence,many-to-one correspondence,http://www.w3.org/2004/02/skos/core#closeMatch
C_Juice_lemo,C_OFOD,many-to-one correspondence,many-to-one correspondence,http://www.w3.org/2004/02/skos/core#closeMatch
C_Juice_oran_con,C_OFOD,many-to-one correspondence,many-to-one correspondence,http://www.w3.org/2004/02/skos/core#closeMatch
C_Kiwi,C_FVEG,many-to-one correspondence,many-to-one correspondence,http://www.w3.org/2004/02/skos/core#closeMatch
C_Lacte,C_DAIR,many-to-one correspondence,many-to-one correspondence,http://www.w3.org/2004/02/skos/core#closeMatch
C_Lardl,C_PPIG,many-to-one correspondence,many-to-one correspondence,http://www.w3.org/2004/02/skos/core#closeMatch
C_Lemos,C_FVEG,many-to-one correspondence,many-to-one correspondence,http://www.w3.org/2004/02/skos/core#closeMatch
C_Lents,C_FVEG,many-to-one correspondence,many-to-one correspondence,http://www.w3.org/2004/02/skos/core#closeMatch
C_Malt_ext,C_OFOD,many-to-one correspondence,many-to-one correspondence,http://www.w3.org/2004/02/skos/core#closeMatch
C_Mangs,C_FVEG,many-to-one correspondence,many-to-one correspondence,http://www.w3.org/2004/02/skos/core#closeMatch
C_Meat_extr,C_PPIG,many-to-one correspondence,many-to-one correspondence,http://www.w3.org/2004/02/skos/core#closeMatch
C_Melon,C_FVEG,many-to-one correspondence,many-to-one correspondence,http://www.w3.org/2004/02/skos/core#closeMatch
C_Milk_dry,C_DAIR,many-to-many correspondence,many-to-one correspondence,http://www.w3.org/2004/02/skos/core#relatedMatch
C_Nutss,C_FVEG,many-to-one correspondence,many-to-one correspondence,http://www.w3.org/2004/02/skos/core#closeMatch
C_Nuts,C_OFOD,many-to-one correspondence,many-to-one correspondence,http://www.w3.org/2004/02/skos/core#closeMatch
C_Oil_coco,C_VOIL,many-to-one correspondence,many-to-one correspondence,http://www.w3.org/2004/02/skos/core#closeMatch
C_Oil_cott,C_VOIL,many-to-one correspondence,many-to-one correspondence,http://www.w3.org/2004/02/skos/core#closeMatch
C_Oil_grou,C_VOIL,many-to-one correspondence,many-to-one correspondence,http://www.w3.org/2004/02/skos/core#closeMatch
C_Oil_hydr,C_VOIL,many-to-one correspondence,many-to-one correspondence,http://www.w3.org/2004/02/skos/core#closeMatch
C_Oil_maiz,C_VOIL,many-to-one correspondence,many-to-one correspondence,http://www.w3.org/2004/02/skos/core#closeMatch
C_Oil_olivres,C_VOIL,many-to-one correspondence,many-to-one correspondence,http://www.w3.org/2004/02/skos/core#closeMatch
C_Oil_olive,C_VOIL,many-to-one correspondence,many-to-one correspondence,http://www.w3.org/2004/02/skos/core#closeMatch
C_Oil_saff,C_VOIL,many-to-one correspondence,many-to-one correspondence,http://www.w3.org/2004/02/skos/core#closeMatch
C_Oil_sesa,C_VOIL,many-to-one correspondence,many-to-one correspondence,http://www.w3.org/2004/02/skos/core#closeMatch
C_Olivs,C_FVEG,many-to-one correspondence,many-to-one correspondence,http://www.w3.org/2004/02/skos/core#closeMatch
C_Orans,C_FVEG,many-to-one correspondence,many-to-one correspondence,http://www.w3.org/2004/02/skos/core#closeMatch
C_Papas,C_FVEG,many-to-one correspondence,many-to-one correspondence,http://www.w3.org/2004/02/skos/core#closeMatch
C_Perss,C_FVEG,many-to-one correspondence,many-to-one correspondence,http://www.w3.org/2004/02/skos/core#closeMatch
C_Pines,C_FVEG,many-to-one correspondence,many-to-one correspondence,http://www.w3.org/2004/02/skos/core#closeMatch
C_Pined,C_OFOD,many-to-one correspondence,many-to-one correspondence,http://www.w3.org/2004/02/skos/core#closeMatch
C_Pists,C_FVEG,many-to-one correspondence,many-to-one correspondence,http://www.w3.org/2004/02/skos/core#closeMatch
C_Plum,C_OFOD,many-to-one correspondence,many-to-one correspondence,http://www.w3.org/2004/02/skos/core#closeMatch
C_Raiss,C_OFOD,many-to-one correspondence,many-to-one correspondence,http://www.w3.org/2004/02/skos/core#closeMatch
C_Rice_husk,C_RICE,many-to-one correspondence,many-to-one correspondence,http://www.w3.org/2004/02/skos/core#closeMatch
C_Ricey,C_PARI,one-to-one correspondence,one-to-one correspondence,http://www.w3.org/2004/02/skos/core#exactMatch
C_Saffd,C_OILS,many-to-one correspondence,many-to-one correspondence,http://www.w3.org/2004/02/skos/core#closeMatch
C_Sugae,C_SUGB,many-to-one correspondence,many-to-one correspondence,http://www.w3.org/2004/02/skos/core#closeMatch
C_Swees,C_FVEG,many-to-one correspondence,many-to-one correspondence,http://www.w3.org/2004/02/skos/core#closeMatch
C_Bread,C_OFOD,many-to-one correspondence,many-to-one correspondence,http://www.w3.org/2004/02/skos/core#closeMatch
C_Ckcopra,C_VOIL,many-to-one correspondence,many-to-one correspondence,http://www.w3.org/2004/02/skos/core#closeMatch
C_Chics,C_FVEG,many-to-one correspondence,many-to-one correspondence,http://www.w3.org/2004/02/skos/core#closeMatch
C_Flaxw,C_FIBR,many-to-one correspondence,many-to-one correspondence,http://www.w3.org/2004/02/skos/core#closeMatch
C_Frucr,C_SUGR,many-to-one correspondence,many-to-one correspondence,http://www.w3.org/2004/02/skos/core#closeMatch
C_Ice e,C_DAIR,many-to-one correspondence,many-to-one correspondence,http://www.w3.org/2004/02/skos/core#closeMatch
C_Juice_pine_con,C_OFOD,many-to-one correspondence,many-to-one correspondence,http://www.w3.org/2004/02/skos/core#closeMatch
C_Live.,C_PCAT,many-to-one correspondence,many-to-one correspondence,http://www.w3.org/2004/02/skos/core#closeMatch
C_Macai,C_OFOD,many-to-one correspondence,many-to-one correspondence,http://www.w3.org/2004/02/skos/core#closeMatch
C_Meat_prnes,C_POME,many-to-one correspondence,many-to-one correspondence,http://www.w3.org/2004/02/skos/core#closeMatch
C_Quins,C_FVEG,many-to-one correspondence,many-to-one correspondence,http://www.w3.org/2004/02/skos/core#closeMatch
C_Sugarn,C_SUGR,many-to-one correspondence,many-to-one correspondence,http://www.w3.org/2004/02/skos/core#closeMatch
C_Chest,C_FVEG,many-to-one correspondence,many-to-one correspondence,http://www.w3.org/2004/02/skos/core#closeMatch
C_Chily,C_OTCR,many-to-one correspondence,many-to-one correspondence,http://www.w3.org/2004/02/skos/core#closeMatch
C_Crans,C_FVEG,many-to-one correspondence,many-to-one correspondence,http://www.w3.org/2004/02/skos/core#closeMatch
C_Fat_buff,C_PCAT,many-to-one correspondence,many-to-one correspondence,http://www.w3.org/2004/02/skos/core#closeMatch
C_Fat_live,C_POME,many-to-one correspondence,many-to-one correspondence,http://www.w3.org/2004/02/skos/core#closeMatch
C_Fat_sub,C_POME,many-to-one correspondence,many-to-one correspondence,http://www.w3.org/2004/02/skos/core#closeMatch
C_oFru_fresh,C_FVEG,many-to-one correspondence,many-to-one correspondence,http://www.w3.org/2004/02/skos/core#closeMatch
C_Hazel,C_FVEG,many-to-one correspondence,many-to-one correspondence,http://www.w3.org/2004/02/skos/core#closeMatch
C_Hide_buff,C_PCAT,many-to-one correspondence,many-to-one correspondence,http://www.w3.org/2004/02/skos/core#closeMatch
C_Isoge,C_SUGR,many-to-one correspondence,many-to-one correspondence,http://www.w3.org/2004/02/skos/core#closeMatch
C_Mush_can,C_OFOD,many-to-one correspondence,many-to-one correspondence,http://www.w3.org/2004/02/skos/core#closeMatch
C_Mush_dry,C_OFOD,many-to-one correspondence,many-to-one correspondence,http://www.w3.org/2004/02/skos/core#closeMatch
C_Mustd,C_OILS,many-to-one correspondence,many-to-one correspondence,http://www.w3.org/2004/02/skos/core#closeMatch
C_Offas_buff,C_PCAT,many-to-one correspondence,many-to-one correspondence,http://www.w3.org/2004/02/skos/core#closeMatch
C_Offa_geese,C_POME,many-to-one correspondence,many-to-one correspondence,http://www.w3.org/2004/02/skos/core#closeMatch
C_Onion,C_FVEG,many-to-one correspondence,many-to-one correspondence,http://www.w3.org/2004/02/skos/core#closeMatch
C_Peppt,C_OTCR,many-to-one correspondence,many-to-one correspondence,http://www.w3.org/2004/02/skos/core#closeMatch
C_Silkw,C_OANP,many-to-one correspondence,many-to-one correspondence,http://www.w3.org/2004/02/skos/core#closeMatch
C_Silk_ree,C_OANP,many-to-one correspondence,many-to-one correspondence,http://www.w3.org/2004/02/skos/core#closeMatch
C_Soyace,C_VOIL,many-to-one correspondence,many-to-one correspondence,http://www.w3.org/2004/02/skos/core#closeMatch
C_Spics,C_OTCR,many-to-one correspondence,many-to-one correspondence,http://www.w3.org/2004/02/skos/core#closeMatch
C_Tomad,C_OFOD,many-to-one correspondence,many-to-one correspondence,http://www.w3.org/2004/02/skos/core#closeMatch
C_Bastr,C_FIBR,many-to-one correspondence,many-to-one correspondence,http://www.w3.org/2004/02/skos/core#closeMatch
C_Bran_ tri,C_OFOD,many-to-one correspondence,many-to-one correspondence,http://www.w3.org/2004/02/skos/core#closeMatch
C_Brazd,C_OFOD,many-to-one correspondence,many-to-one correspondence,http://www.w3.org/2004/02/skos/core#closeMatch
C_Brazl,C_FVEG,many-to-one correspondence,many-to-one correspondence,http://www.w3.org/2004/02/skos/core#closeMatch
C_Buckt,C_OCER,many-to-one correspondence,many-to-one correspondence,http://www.w3.org/2004/02/skos/core#closeMatch
C_Ckpalm,C_VOIL,many-to-one correspondence,many-to-one correspondence,http://www.w3.org/2004/02/skos/core#closeMatch
C_Ckriceb,C_VOIL,many-to-one correspondence,many-to-one correspondence,http://www.w3.org/2004/02/skos/core#closeMatch
C_Cashd,C_OFOD,many-to-one correspondence,many-to-one correspondence,http://www.w3.org/2004/02/skos/core#closeMatch
C_Cashl,C_FVEG,many-to-one correspondence,many-to-one correspondence,http://www.w3.org/2004/02/skos/core#closeMatch
C_Cashe,C_FVEG,many-to-one correspondence,many-to-one correspondence,http://www.w3.org/2004/02/skos/core#closeMatch
C_Cassa,C_FVEG,many-to-one correspondence,many-to-one correspondence,http://www.w3.org/2004/02/skos/core#closeMatch
C_Cassd,C_OFOD,many-to-one correspondence,many-to-one correspondence,http://www.w3.org/2004/02/skos/core#closeMatch
C_Castd,C_OILS,many-to-one correspondence,many-to-one correspondence,http://www.w3.org/2004/02/skos/core#closeMatch
C_Cocoa,C_OTCR,many-to-one correspondence,many-to-one correspondence,http://www.w3.org/2004/02/skos/core#closeMatch
C_Cocon,C_FVEG,many-to-one correspondence,many-to-one correspondence,http://www.w3.org/2004/02/skos/core#closeMatch
C_Coffn,C_OTCR,many-to-one correspondence,many-to-one correspondence,http://www.w3.org/2004/02/skos/core#closeMatch
C_Copra,C_VOIL,many-to-one correspondence,many-to-one correspondence,http://www.w3.org/2004/02/skos/core#closeMatch
C_oFibrs,C_FIBR,many-to-one correspondence,many-to-one correspondence,http://www.w3.org/2004/02/skos/core#closeMatch
C_Flour_cass,C_OFOD,many-to-one correspondence,many-to-one correspondence,http://www.w3.org/2004/02/skos/core#closeMatch
C_Flour_frui,C_OFOD,many-to-one correspondence,many-to-one correspondence,http://www.w3.org/2004/02/skos/core#closeMatch
C_Flour_trit,C_OFOD,many-to-one correspondence,many-to-one correspondence,http://www.w3.org/2004/02/skos/core#closeMatch
C_Jute,C_FVEG,many-to-one correspondence,many-to-one correspondence,http://www.w3.org/2004/02/skos/core#closeMatch
C_Mate,C_FVEG,many-to-one correspondence,many-to-one correspondence,http://www.w3.org/2004/02/skos/core#closeMatch
C_palm,C_FVEG,many-to-one correspondence,many-to-one correspondence,http://www.w3.org/2004/02/skos/core#closeMatch
C_Oil_palm,C_VOIL,many-to-one correspondence,many-to-one correspondence,http://www.w3.org/2004/02/skos/core#closeMatch
C_Oil_pal_ker,C_VOIL,many-to-one correspondence,many-to-one correspondence,http://www.w3.org/2004/02/skos/core#closeMatch
C_Oil_rice,C_VOIL,many-to-one correspondence,many-to-one correspondence,http://www.w3.org/2004/02/skos/core#closeMatch
C_Pepp,C_OTCR,many-to-one correspondence,many-to-one correspondence,http://www.w3.org/2004/02/skos/core#closeMatch
C_Ramie,C_FIBR,many-to-one correspondence,many-to-one correspondence,http://www.w3.org/2004/02/skos/core#closeMatch
C_Rubber,C_FORE,many-to-one correspondence,many-to-one correspondence,http://www.w3.org/2004/02/skos/core#closeMatch
C_Sesad,C_OILS,many-to-one correspondence,many-to-one correspondence,http://www.w3.org/2004/02/skos/core#closeMatch
C_Sisal,C_FIBR,many-to-one correspondence,many-to-one correspondence,http://www.w3.org/2004/02/skos/core#closeMatch
C_Starch_cass,C_OFOD,many-to-one correspondence,many-to-one correspondence,http://www.w3.org/2004/02/skos/core#closeMatch
C_Sugar_nc,C_SUGR,many-to-one correspondence,many-to-one correspondence,http://www.w3.org/2004/02/skos/core#closeMatch
C_Tapia,C_OFOD,many-to-one correspondence,many-to-one correspondence,http://www.w3.org/2004/02/skos/core#closeMatch
C_Teaa,C_OTCR,many-to-one correspondence,many-to-one correspondence,http://www.w3.org/2004/02/skos/core#closeMatch
C_Tomae,C_OFOD,many-to-one correspondence,many-to-one correspondence,http://www.w3.org/2004/02/skos/core#closeMatch
C_Beer_millet,C_BEVR,many-to-one correspondence,many-to-one correspondence,http://www.w3.org/2004/02/skos/core#closeMatch
C_Peanr,C_VOIL,many-to-one correspondence,many-to-one correspondence,http://www.w3.org/2004/02/skos/core#closeMatch
C_Sween,C_OFOD,many-to-one correspondence,many-to-one correspondence,http://www.w3.org/2004/02/skos/core#closeMatch
C_Sweed,C_OFOD,many-to-one correspondence,many-to-one correspondence,http://www.w3.org/2004/02/skos/core#closeMatch
C_Artis,C_FVEG,many-to-one correspondence,many-to-one correspondence,http://www.w3.org/2004/02/skos/core#closeMatch
C_Bran_ mix,C_OFOD,many-to-one correspondence,many-to-one correspondence,http://www.w3.org/2004/02/skos/core#closeMatch
C_Flour_mixe,C_OFOD,many-to-one correspondence,many-to-one correspondence,http://www.w3.org/2004/02/skos/core#closeMatch
C_Bran_ buc,C_OFOD,many-to-one correspondence,many-to-one correspondence,http://www.w3.org/2004/02/skos/core#closeMatch
C_Bran_ mil,C_OFOD,many-to-one correspondence,many-to-one correspondence,http://www.w3.org/2004/02/skos/core#closeMatch
C_Bran_ sor,C_OFOD,many-to-one correspondence,many-to-one correspondence,http://www.w3.org/2004/02/skos/core#closeMatch
C_Butt_buff,C_DAIR,many-to-one correspondence,many-to-one correspondence,http://www.w3.org/2004/02/skos/core#closeMatch
C_Chee_buff,C_DAIR,many-to-one correspondence,many-to-one correspondence,http://www.w3.org/2004/02/skos/core#closeMatch
C_Cinn,C_OTCR,many-to-one correspondence,many-to-one correspondence,http://www.w3.org/2004/02/skos/core#closeMatch
C_Clovs,C_FVEG,many-to-one correspondence,many-to-one correspondence,http://www.w3.org/2004/02/skos/core#closeMatch
C_Cocod,C_OFOD,many-to-one correspondence,many-to-one correspondence,http://www.w3.org/2004/02/skos/core#closeMatch
C_Cowpea,C_FVEG,many-to-one correspondence,many-to-one correspondence,http://www.w3.org/2004/02/skos/core#closeMatch
C_Dates,C_FVEG,many-to-one correspondence,many-to-one correspondence,http://www.w3.org/2004/02/skos/core#closeMatch
C_Fat_cam,C_POME,many-to-one correspondence,many-to-one correspondence,http://www.w3.org/2004/02/skos/core#closeMatch
C_Flour_buck,C_OFOD,many-to-one correspondence,many-to-one correspondence,http://www.w3.org/2004/02/skos/core#closeMatch
C_Flour_mill,C_OFOD,many-to-one correspondence,many-to-one correspondence,http://www.w3.org/2004/02/skos/core#closeMatch
C_Flour_root,C_OFOD,many-to-one correspondence,many-to-one correspondence,http://www.w3.org/2004/02/skos/core#closeMatch
C_oFru_ston,C_FVEG,many-to-one correspondence,many-to-one correspondence,http://www.w3.org/2004/02/skos/core#closeMatch
C_Gingr,C_OTCR,many-to-one correspondence,many-to-one correspondence,http://www.w3.org/2004/02/skos/core#closeMatch
C_Hempd,C_OILS,many-to-one correspondence,many-to-one correspondence,http://www.w3.org/2004/02/skos/core#closeMatch
C_Juice_mang,C_OFOD,many-to-one correspondence,many-to-one correspondence,http://www.w3.org/2004/02/skos/core#closeMatch
C_Mangp,C_OFOD,many-to-one correspondence,many-to-one correspondence,http://www.w3.org/2004/02/skos/core#closeMatch
C_Meat_ass,C_POME,many-to-one correspondence,many-to-one correspondence,http://www.w3.org/2004/02/skos/core#closeMatch
C_Meat_mule,C_POME,many-to-one correspondence,many-to-one correspondence,http://www.w3.org/2004/02/skos/core#closeMatch
C_Melonse,C_OILS,many-to-one correspondence,many-to-one correspondence,http://www.w3.org/2004/02/skos/core#closeMatch
C_Milk_skim_buff,C_DAIR,many-to-one correspondence,many-to-one correspondence,http://www.w3.org/2004/02/skos/core#closeMatch
C_Offas_came,C_POME,many-to-one correspondence,many-to-one correspondence,http://www.w3.org/2004/02/skos/core#closeMatch
C_Roots,C_FVEG,many-to-one correspondence,many-to-one correspondence,http://www.w3.org/2004/02/skos/core#closeMatch
C_Talld,C_OILS,many-to-one correspondence,many-to-one correspondence,http://www.w3.org/2004/02/skos/core#closeMatch
C_Taro,C_FVEG,many-to-one correspondence,many-to-one correspondence,http://www.w3.org/2004/02/skos/core#closeMatch
C_Vania,C_OTCR,many-to-one correspondence,many-to-one correspondence,http://www.w3.org/2004/02/skos/core#closeMatch
C_Vegew,C_VOIL,many-to-one correspondence,many-to-one correspondence,http://www.w3.org/2004/02/skos/core#closeMatch
C_Caros,C_OTCR,many-to-one correspondence,many-to-one correspondence,http://www.w3.org/2004/02/skos/core#closeMatch
C_Figsd,C_OFOD,many-to-one correspondence,many-to-one correspondence,http://www.w3.org/2004/02/skos/core#closeMatch
C_Okraa,C_FVEG,many-to-one correspondence,many-to-one correspondence,http://www.w3.org/2004/02/skos/core#closeMatch
C_Yoght,C_DAIR,many-to-one correspondence,many-to-one correspondence,http://www.w3.org/2004/02/skos/core#closeMatch
C_Milk_prod,C_DAIR,many-to-one correspondence,many-to-one correspondence,http://www.w3.org/2004/02/skos/core#closeMatch
C_Oil_hemp,C_VOIL,many-to-one correspondence,many-to-one correspondence,http://www.w3.org/2004/02/skos/core#closeMatch
C_Tapis,C_OFOD,many-to-one correspondence,many-to-one correspondence,http://www.w3.org/2004/02/skos/core#closeMatch
C_Butt_goat,C_DAIR,many-to-one correspondence,many-to-one correspondence,http://www.w3.org/2004/02/skos/core#closeMatch
C_Stris,C_FVEG,many-to-one correspondence,many-to-one correspondence,http://www.w3.org/2004/02/skos/core#closeMatch
C_Arecs,C_FVEG,many-to-one correspondence,many-to-one correspondence,http://www.w3.org/2004/02/skos/core#closeMatch
C_Ckkapok,C_VOIL,many-to-one correspondence,many-to-one correspondence,http://www.w3.org/2004/02/skos/core#closeMatch
C_Kapot,C_FVEG,many-to-one correspondence,many-to-one correspondence,http://www.w3.org/2004/02/skos/core#closeMatch
C_Kapol,C_FVEG,many-to-one correspondence,many-to-one correspondence,http://www.w3.org/2004/02/skos/core#closeMatch
C_Kapod,C_OFOD,many-to-one correspondence,many-to-one correspondence,http://www.w3.org/2004/02/skos/core#closeMatch
C_Manila,C_FIBR,many-to-one correspondence,many-to-one correspondence,http://www.w3.org/2004/02/skos/core#closeMatch
C_Nutms,C_OTCR,many-to-one correspondence,many-to-one correspondence,http://www.w3.org/2004/02/skos/core#closeMatch
C_Oil_kapo,C_VOIL,many-to-one correspondence,many-to-one correspondence,http://www.w3.org/2004/02/skos/core#closeMatch
C_Sugacrs,C_SUGB,many-to-one correspondence,many-to-one correspondence,http://www.w3.org/2004/02/skos/core#closeMatch
C_Coirr,C_FVEG,many-to-one correspondence,many-to-one correspondence,http://www.w3.org/2004/02/skos/core#closeMatch
C_Ghee_buff,C_DAIR,many-to-one correspondence,many-to-one correspondence,http://www.w3.org/2004/02/skos/core#closeMatch
C_Piges,C_FVEG,many-to-one correspondence,many-to-one correspondence,http://www.w3.org/2004/02/skos/core#closeMatch
C_Pyred,C_OTCR,many-to-one correspondence,many-to-one correspondence,http://www.w3.org/2004/02/skos/core#closeMatch
C_Bev_ferm,C_BEVR,many-to-one correspondence,many-to-one correspondence,http://www.w3.org/2004/02/skos/core#closeMatch
C_Soyate,C_VOIL,many-to-one correspondence,many-to-one correspondence,http://www.w3.org/2004/02/skos/core#closeMatch
C_Soyard,C_VOIL,many-to-one correspondence,many-to-one correspondence,http://www.w3.org/2004/02/skos/core#closeMatch
C_Agavs,C_FIBR,many-to-one correspondence,many-to-one correspondence,http://www.w3.org/2004/02/skos/core#closeMatch
C_Jojod,C_OILS,many-to-one correspondence,many-to-one correspondence,http://www.w3.org/2004/02/skos/core#closeMatch
C_Butt_sheep,C_DAIR,many-to-one correspondence,many-to-one correspondence,http://www.w3.org/2004/02/skos/core#closeMatch
C_Milk_skim_she,C_DAIR,many-to-one correspondence,many-to-one correspondence,http://www.w3.org/2004/02/skos/core#closeMatch
C_Snaia,C_OANP,many-to-one correspondence,many-to-one correspondence,http://www.w3.org/2004/02/skos/core#closeMatch
C_Margd,C_VOIL,many-to-one correspondence,many-to-one correspondence,http://www.w3.org/2004/02/skos/core#closeMatch
C_Juice_tang,C_OFOD,many-to-one correspondence,many-to-one correspondence,http://www.w3.org/2004/02/skos/core#closeMatch
C_oFru_pom,C_FVEG,many-to-one correspondence,many-to-one correspondence,http://www.w3.org/2004/02/skos/core#closeMatch
C_Plans,C_FVEG,many-to-one correspondence,many-to-one correspondence,http://www.w3.org/2004/02/skos/core#closeMatch
C_Bambs,C_FVEG,many-to-one correspondence,many-to-one correspondence,http://www.w3.org/2004/02/skos/core#closeMatch
C_Beer_maiz,C_BEVR,many-to-one correspondence,many-to-one correspondence,http://www.w3.org/2004/02/skos/core#closeMatch
C_Beer_sorg,C_BEVR,many-to-one correspondence,many-to-one correspondence,http://www.w3.org/2004/02/skos/core#closeMatch
C_Bran_ fon,C_OFOD,many-to-one correspondence,many-to-one correspondence,http://www.w3.org/2004/02/skos/core#closeMatch
C_Butts,C_DAIR,many-to-one correspondence,many-to-one correspondence,http://www.w3.org/2004/02/skos/core#closeMatch
C_Casss,C_FVEG,many-to-one correspondence,many-to-one correspondence,http://www.w3.org/2004/02/skos/core#closeMatch
C_Flour_foni,C_OFOD,many-to-one correspondence,many-to-one correspondence,http://www.w3.org/2004/02/skos/core#closeMatch
C_Fonio,C_OCER,many-to-one correspondence,many-to-one correspondence,http://www.w3.org/2004/02/skos/core#closeMatch
C_Kari,C_OTCR,many-to-one correspondence,many-to-one correspondence,http://www.w3.org/2004/02/skos/core#closeMatch
C_Kola,C_FVEG,many-to-one correspondence,many-to-one correspondence,http://www.w3.org/2004/02/skos/core#closeMatch
C_Fat_othe,C_POME,many-to-one correspondence,many-to-one correspondence,http://www.w3.org/2004/02/skos/core#closeMatch
C_Meat_ocAM,C_POME,many-to-one correspondence,many-to-one correspondence,http://www.w3.org/2004/02/skos/core#closeMatch
C_Meat_othe,C_POME,many-to-one correspondence,many-to-one correspondence,http://www.w3.org/2004/02/skos/core#closeMatch
C_Quina,C_OCER,many-to-one correspondence,many-to-one correspondence,http://www.w3.org/2004/02/skos/core#closeMatch
C_Flour_nes,C_OFOD,many-to-one correspondence,many-to-one correspondence,http://www.w3.org/2004/02/skos/core#closeMatch
C_Mixes,C_OFOD,many-to-one correspondence,many-to-one correspondence,http://www.w3.org/2004/02/skos/core#closeMatch
C_Catmeat,C_CATL,many-to-one correspondence,many-to-one correspondence,http://www.w3.org/2004/02/skos/core#closeMatch
C_Goameat,C_OMEA,many-to-one correspondence,many-to-one correspondence,http://www.w3.org/2004/02/skos/core#closeMatch
C_Othanpr,C_OMEA,many-to-one correspondence,many-to-one correspondence,http://www.w3.org/2004/02/skos/core#closeMatch
C_Pigmeat,C_PIGS,one-to-one correspondence,one-to-one correspondence,http://www.w3.org/2004/02/skos/core#exactMatch
C_Polmeat,C_PLTR,many-to-one correspondence,many-to-one correspondence,http://www.w3.org/2004/02/skos/core#closeMatch
C_Shemeat,C_OMEA,many-to-one correspondence,many-to-one correspondence,http://www.w3.org/2004/02/skos/core#closeMatch
C_Bufmeat,C_CATL,many-to-one correspondence,many-to-one correspondence,http://www.w3.org/2004/02/skos/core#closeMatch
C_Catmilk,C_MILK,many-to-one correspondence,many-to-one correspondence,http://www.w3.org/2004/02/skos/core#closeMatch
C_Coamilk,C_MILK,many-to-one correspondence,many-to-one correspondence,http://www.w3.org/2004/02/skos/core#closeMatch
C_Shemilk,C_MILK,many-to-one correspondence,many-to-one correspondence,http://www.w3.org/2004/02/skos/core#closeMatch
C_Bufmilk,C_MILK,many-to-one correspondence,many-to-one correspondence,http://www.w3.org/2004/02/skos/core#closeMatch
C_Cammilk,C_OMEA,many-to-one correspondence,many-to-one correspondence,http://www.w3.org/2004/02/skos/core#closeMatch
C_Tmand,C_FVEG,many-to-one correspondence,many-to-one correspondence,http://www.w3.org/2004/02/skos/core#closeMatch
C_Vegleg_nes,C_FVEG,many-to-one correspondence,many-to-one correspondence,http://www.w3.org/2004/02/skos/core#closeMatch
C_frtrop_nes,C_FVEG,many-to-one correspondence,many-to-one correspondence,http://www.w3.org/2004/02/skos/core#closeMatch
C_Yams,C_FVEG,many-to-one correspondence,many-to-one correspondence,http://www.w3.org/2004/02/skos/core#closeMatch
C_Gluten_rice,C_OFOD,many-to-one correspondence,many-to-one correspondence,http://www.w3.org/2004/02/skos/core#closeMatch
C_Meat_beef,C_PCAT,many-to-one correspondence,many-to-one correspondence,http://www.w3.org/2004/02/skos/core#closeMatch
C_Meat_buff,C_PCAT,many-to-one correspondence,many-to-one correspondence,http://www.w3.org/2004/02/skos/core#closeMatch
C_Beef_ges,C_PCAT,many-to-one correspondence,many-to-one correspondence,http://www.w3.org/2004/02/skos/core#closeMatch
C_Beef_ked,C_PCAT,many-to-one correspondence,many-to-one correspondence,http://www.w3.org/2004/02/skos/core#closeMatch
C_Beef_ons,C_PCAT,many-to-one correspondence,many-to-one correspondence,http://www.w3.org/2004/02/skos/core#closeMatch
C_Beef_veal,C_PCAT,many-to-one correspondence,many-to-one correspondence,http://www.w3.org/2004/02/skos/core#closeMatch
C_Beef_led,C_PCAT,many-to-one correspondence,many-to-one correspondence,http://www.w3.org/2004/02/skos/core#closeMatch
C_Beef_smoked,C_PCAT,many-to-one correspondence,many-to-one correspondence,http://www.w3.org/2004/02/skos/core#closeMatch
C_Beef_nes,C_PCAT,many-to-one correspondence,many-to-one correspondence,http://www.w3.org/2004/02/skos/core#closeMatch
C_Pork_ges,C_PPIG,many-to-one correspondence,many-to-one correspondence,http://www.w3.org/2004/02/skos/core#closeMatch
C_Pork_ons,C_PPIG,many-to-one correspondence,many-to-one correspondence,http://www.w3.org/2004/02/skos/core#closeMatch
C_Pork_pig,C_PPIG,many-to-one correspondence,many-to-one correspondence,http://www.w3.org/2004/02/skos/core#closeMatch
C_Pork_prp,C_PPIG,many-to-one correspondence,many-to-one correspondence,http://www.w3.org/2004/02/skos/core#closeMatch
C_Pork_led,C_PPIG,many-to-one correspondence,many-to-one correspondence,http://www.w3.org/2004/02/skos/core#closeMatch
C_Pork_chilled,C_PPIG,many-to-one correspondence,many-to-one correspondence,http://www.w3.org/2004/02/skos/core#closeMatch
C_Pork_ham,C_PPIG,many-to-one correspondence,many-to-one correspondence,http://www.w3.org/2004/02/skos/core#closeMatch
C_Alc_food,C_OFOD,many-to-one correspondence,many-to-one correspondence,http://www.w3.org/2004/02/skos/core#closeMatch
C_Live_prep,C_OFOD,many-to-one correspondence,many-to-one correspondence,http://www.w3.org/2004/02/skos/core#closeMatch
C_vOil_nes,C_VOIL,many-to-one correspondence,many-to-one correspondence,http://www.w3.org/2004/02/skos/core#closeMatch
C_cOil_beans,C_VOIL,many-to-one correspondence,many-to-one correspondence,http://www.w3.org/2004/02/skos/core#closeMatch
C_Flou_nes,C_OFOD,many-to-one correspondence,many-to-one correspondence,http://www.w3.org/2004/02/skos/core#closeMatch
C_Catt_Fat,C_PCAT,many-to-one correspondence,many-to-one correspondence,http://www.w3.org/2004/02/skos/core#closeMatch
C_Pig_Fat,C_PPIG,many-to-one correspondence,many-to-one correspondence,http://www.w3.org/2004/02/skos/core#closeMatch
C_Verm_tcx,C_OFOD,many-to-one correspondence,many-to-one correspondence,http://www.w3.org/2004/02/skos/core#closeMatch
C_Meat_els,C_POME,many-to-one correspondence,many-to-one correspondence,http://www.w3.org/2004/02/skos/core#closeMatch
C_Meat_ryx,C_PPLT,many-to-one correspondence,many-to-one correspondence,http://www.w3.org/2004/02/skos/core#closeMatch
C_Offa_nes,C_POME,many-to-one correspondence,many-to-one correspondence,http://www.w3.org/2004/02/skos/core#closeMatch
C_Pork_ork,C_PPIG,many-to-one correspondence,many-to-one correspondence,http://www.w3.org/2004/02/skos/core#closeMatch
C_Dry_ilk,C_DAIR,many-to-one correspondence,many-to-one correspondence,http://www.w3.org/2004/02/skos/core#closeMatch
C_Eggs_ied,C_POME,many-to-one correspondence,many-to-one correspondence,http://www.w3.org/2004/02/skos/core#closeMatch
C_Eggs_uid,C_POME,many-to-one correspondence,many-to-one correspondence,http://www.w3.org/2004/02/skos/core#closeMatch
C_Eggs_ggs,C_POME,many-to-one correspondence,many-to-one correspondence,http://www.w3.org/2004/02/skos/core#closeMatch
C_Skim_sed,C_DAIR,many-to-one correspondence,many-to-one correspondence,http://www.w3.org/2004/02/skos/core#closeMatch
C_Skim_ted,C_DAIR,many-to-one correspondence,many-to-one correspondence,http://www.w3.org/2004/02/skos/core#closeMatch
C_Whol_sed,C_DAIR,many-to-one correspondence,many-to-one correspondence,http://www.w3.org/2004/02/skos/core#closeMatch
C_Whol_ted,C_DAIR,many-to-one correspondence,many-to-one correspondence,http://www.w3.org/2004/02/skos/core#closeMatch
C_Yogh_ent,C_DAIR,many-to-one correspondence,many-to-one correspondence,http://www.w3.org/2004/02/skos/core#closeMatch
C_Root_nes,C_FVEG,many-to-one correspondence,many-to-one correspondence,http://www.w3.org/2004/02/skos/core#closeMatch
C_Yaut_amx,C_FVEG,many-to-one correspondence,many-to-one correspondence,http://www.w3.org/2004/02/skos/core#closeMatch
C_Mapl_ups,C_SUGR,many-to-one correspondence,many-to-one correspondence,http://www.w3.org/2004/02/skos/core#closeMatch
C_Suga_ery,C_SUGR,many-to-one correspondence,many-to-one correspondence,http://www.w3.org/2004/02/skos/core#closeMatch
C_Suga_ned,C_SUGR,many-to-one correspondence,many-to-one correspondence,http://www.w3.org/2004/02/skos/core#closeMatch
C_Flou_eds,C_OFOD,many-to-one correspondence,many-to-one correspondence,http://www.w3.org/2004/02/skos/core#closeMatch
C_Oliv_ved,C_OFOD,many-to-one correspondence,many-to-one correspondence,http://www.w3.org/2004/02/skos/core#closeMatch
C_Palm_els,C_VOIL,many-to-one correspondence,many-to-one correspondence,http://www.w3.org/2004/02/skos/core#closeMatch
C_Vege_gar,C_OFOD,many-to-one correspondence,many-to-one correspondence,http://www.w3.org/2004/02/skos/core#closeMatch
C_Vege_ted,C_OFOD,many-to-one correspondence,many-to-one correspondence,http://www.w3.org/2004/02/skos/core#closeMatch
C_Vege_zen,C_OFOD,many-to-one correspondence,many-to-one correspondence,http://www.w3.org/2004/02/skos/core#closeMatch
C_Vege_enx,C_OFOD,many-to-one correspondence,many-to-one correspondence,http://www.w3.org/2004/02/skos/core#closeMatch
C_Vege_arx,C_OFOD,many-to-one correspondence,many-to-one correspondence,http://www.w3.org/2004/02/skos/core#closeMatch
C_Vege_ved,C_OFOD,many-to-one correspondence,many-to-one correspondence,http://www.w3.org/2004/02/skos/core#closeMatch
C_Citr_nes,C_OFOD,many-to-one correspondence,many-to-one correspondence,http://www.w3.org/2004/02/skos/core#closeMatch
C_Frui_ved,C_OFOD,many-to-one correspondence,many-to-one correspondence,http://www.w3.org/2004/02/skos/core#closeMatch
C_Frui_nes,C_OFOD,many-to-one correspondence,many-to-one correspondence,http://www.w3.org/2004/02/skos/core#closeMatch
C_Juic_nes,C_OFOD,many-to-one correspondence,many-to-one correspondence,http://www.w3.org/2004/02/skos/core#closeMatch
C_FSHP,C_FSHP,one-to-one correspondence,one-to-one correspondence,http://www.w3.org/2004/02/skos/core#exactMatch
C_BRIK,C_BRIK,one-to-one correspondence,one-to-one correspondence,http://www.w3.org/2004/02/skos/core#exactMatch
C_CMNT,C_CMNT,one-to-one correspondence,one-to-one correspondence,http://www.w3.org/2004/02/skos/core#exactMatch
C_COMP,C_COMP,one-to-one correspondence,one-to-one correspondence,http://www.w3.org/2004/02/skos/core#exactMatch
C_CONS,C_CONS,one-to-one correspondence,one-to-one correspondence,http://www.w3.org/2004/02/skos/core#exactMatch
C_CRMC,C_CRMC,one-to-one correspondence,one-to-one correspondence,http://www.w3.org/2004/02/skos/core#exactMatch
C_EDUC,C_EDUC,one-to-one correspondence,one-to-one correspondence,http://www.w3.org/2004/02/skos/core#exactMatch
C_ELEC,C_ELEC,one-to-one correspondence,one-to-one correspondence,http://www.w3.org/2004/02/skos/core#exactMatch
C_ELMA,C_ELMA,one-to-one correspondence,one-to-one correspondence,http://www.w3.org/2004/02/skos/core#exactMatch
C_FABM,C_FABM,one-to-one correspondence,one-to-one correspondence,http://www.w3.org/2004/02/skos/core#exactMatch
C_FAUX,C_FAUX,one-to-one correspondence,one-to-one correspondence,http://www.w3.org/2004/02/skos/core#exactMatch
C_FINS,C_FINS,one-to-one correspondence,one-to-one correspondence,http://www.w3.org/2004/02/skos/core#exactMatch
C_FINT,C_FINT,one-to-one correspondence,one-to-one correspondence,http://www.w3.org/2004/02/skos/core#exactMatch
C_FURN,C_FURN,one-to-one correspondence,one-to-one correspondence,http://www.w3.org/2004/02/skos/core#exactMatch
C_F_aqua,C_FISH,many-to-one correspondence,many-to-one correspondence,http://www.w3.org/2004/02/skos/core#closeMatch
C_F_capture,C_FISH,many-to-one correspondence,many-to-one correspondence,http://www.w3.org/2004/02/skos/core#closeMatch
C_GARM,C_GARM,one-to-one correspondence,one-to-one correspondence,http://www.w3.org/2004/02/skos/core#exactMatch
C_GASD,C_GASD,one-to-one correspondence,one-to-one correspondence,http://www.w3.org/2004/02/skos/core#exactMatch
C_HEAL,C_HEAL,one-to-one correspondence,one-to-one correspondence,http://www.w3.org/2004/02/skos/core#exactMatch
C_HORE,C_HORE,one-to-one correspondence,one-to-one correspondence,http://www.w3.org/2004/02/skos/core#exactMatch
C_LETH,C_LETH,one-to-one correspondence,one-to-one correspondence,http://www.w3.org/2004/02/skos/core#exactMatch
C_MACH,C_MACH,one-to-one correspondence,one-to-one correspondence,http://www.w3.org/2004/02/skos/core#exactMatch
C_MARE,C_MARE,one-to-one correspondence,one-to-one correspondence,http://www.w3.org/2004/02/skos/core#exactMatch
C_MDIA,C_MDIA,one-to-one correspondence,one-to-one correspondence,http://www.w3.org/2004/02/skos/core#exactMatch
C_MEIN,C_MEIN,one-to-one correspondence,one-to-one correspondence,http://www.w3.org/2004/02/skos/core#exactMatch
C_METC,C_METC,one-to-one correspondence,one-to-one correspondence,http://www.w3.org/2004/02/skos/core#exactMatch
C_MOTO,C_MOTO,many-to-one correspondence,many-to-one correspondence,http://www.w3.org/2004/02/skos/core#closeMatch
C_OBIO,C_OBIO,one-to-one correspondence,one-to-one correspondence,http://www.w3.org/2004/02/skos/core#exactMatch
C_OBUS,C_OBUS,one-to-one correspondence,one-to-one correspondence,http://www.w3.org/2004/02/skos/core#exactMatch
C_OFMA,C_OFMA,one-to-one correspondence,one-to-one correspondence,http://www.w3.org/2004/02/skos/core#exactMatch
C_ONMM,C_ONMM,one-to-one correspondence,one-to-one correspondence,http://www.w3.org/2004/02/skos/core#exactMatch
C_ORGA,C_ORGA,one-to-one correspondence,one-to-one correspondence,http://www.w3.org/2004/02/skos/core#exactMatch
C_OSER,C_OSER,one-to-one correspondence,one-to-one correspondence,http://www.w3.org/2004/02/skos/core#exactMatch
C_OTRE,C_OTRE,one-to-one correspondence,one-to-one correspondence,http://www.w3.org/2004/02/skos/core#exactMatch
C_PADF,C_PADF,one-to-one correspondence,one-to-one correspondence,http://www.w3.org/2004/02/skos/core#exactMatch
C_PAPE,C_PAPE,one-to-one correspondence,one-to-one correspondence,http://www.w3.org/2004/02/skos/core#exactMatch
C_POWB,C_POWB,many-to-one correspondence,many-to-one correspondence,http://www.w3.org/2004/02/skos/core#closeMatch
C_POWC,C_POWC,many-to-one correspondence,many-to-one correspondence,http://www.w3.org/2004/02/skos/core#closeMatch
C_POWD,C_POWD,one-to-one correspondence,one-to-one correspondence,http://www.w3.org/2004/02/skos/core#exactMatch
C_POWG,C_POWG,many-to-one correspondence,many-to-one correspondence,http://www.w3.org/2004/02/skos/core#closeMatch
C_POWH,C_POWH,many-to-one correspondence,many-to-one correspondence,http://www.w3.org/2004/02/skos/core#closeMatch
C_POWM,C_POWM,many-to-one correspondence,many-to-one correspondence,http://www.w3.org/2004/02/skos/core#closeMatch
C_POWP,C_POWP,many-to-one correspondence,many-to-one correspondence,http://www.w3.org/2004/02/skos/core#closeMatch
C_POWS,C_POWS,many-to-one correspondence,many-to-one correspondence,http://www.w3.org/2004/02/skos/core#closeMatch
C_POWT,C_POWT,one-to-one correspondence,one-to-one correspondence,http://www.w3.org/2004/02/skos/core#exactMatch
C_POWW,C_POWW,many-to-one correspondence,many-to-one correspondence,http://www.w3.org/2004/02/skos/core#closeMatch
C_POWZ,C_POWZ,many-to-one correspondence,many-to-one correspondence,http://www.w3.org/2004/02/skos/core#closeMatch
C_PREM,C_PREM,one-to-one correspondence,one-to-one correspondence,http://www.w3.org/2004/02/skos/core#exactMatch
C_PRHH,C_PRHH,one-to-one correspondence,one-to-one correspondence,http://www.w3.org/2004/02/skos/core#exactMatch
C_PTEL,C_PTEL,one-to-one correspondence,one-to-one correspondence,http://www.w3.org/2004/02/skos/core#exactMatch
C_RATV,C_RATV,one-to-one correspondence,one-to-one correspondence,http://www.w3.org/2004/02/skos/core#exactMatch
C_REAL,C_REAL,one-to-one correspondence,one-to-one correspondence,http://www.w3.org/2004/02/skos/core#exactMatch
C_RECR,C_RECR,one-to-one correspondence,one-to-one correspondence,http://www.w3.org/2004/02/skos/core#exactMatch
C_RESD,C_RESD,one-to-one correspondence,one-to-one correspondence,http://www.w3.org/2004/02/skos/core#exactMatch
C_RYMS,C_RYMS,one-to-one correspondence,one-to-one correspondence,http://www.w3.org/2004/02/skos/core#exactMatch
C_TAIR,C_TAIR,one-to-one correspondence,one-to-one correspondence,http://www.w3.org/2004/02/skos/core#exactMatch
C_TAUX,C_TAUX,one-to-one correspondence,one-to-one correspondence,http://www.w3.org/2004/02/skos/core#exactMatch
C_TDFU,C_TDFU,one-to-one correspondence,one-to-one correspondence,http://www.w3.org/2004/02/skos/core#exactMatch
C_TDMO,C_TDMO,one-to-one correspondence,one-to-one correspondence,http://www.w3.org/2004/02/skos/core#exactMatch
C_TDRT,C_TDRT,one-to-one correspondence,one-to-one correspondence,http://www.w3.org/2004/02/skos/core#exactMatch
C_TDWH,C_TDWH,one-to-one correspondence,one-to-one correspondence,http://www.w3.org/2004/02/skos/core#exactMatch
C_TLND,C_TLND,one-to-one correspondence,one-to-one correspondence,http://www.w3.org/2004/02/skos/core#exactMatch
C_TOBC,C_TOBC,one-to-one correspondence,one-to-one correspondence,http://www.w3.org/2004/02/skos/core#exactMatch
C_TPIP,C_TPIP,one-to-one correspondence,one-to-one correspondence,http://www.w3.org/2004/02/skos/core#exactMatch
C_TRAI,C_TRAI,one-to-one correspondence,one-to-one correspondence,http://www.w3.org/2004/02/skos/core#exactMatch
C_TWAI,C_TWAI,one-to-one correspondence,one-to-one correspondence,http://www.w3.org/2004/02/skos/core#exactMatch
C_TWAS,C_TWAS,one-to-one correspondence,one-to-one correspondence,http://www.w3.org/2004/02/skos/core#exactMatch
C_WATR,C_WATR,one-to-one correspondence,one-to-one correspondence,http://www.w3.org/2004/02/skos/core#exactMatch
C_WOOD,C_WOOD,one-to-one correspondence,one-to-one correspondence,http://www.w3.org/2004/02/skos/core#exactMatch
C_auto,C_MOTO,many-to-one correspondence,many-to-one correspondence,http://www.w3.org/2004/02/skos/core#closeMatch
C_truck,C_MOTO,many-to-one correspondence,many-to-one correspondence,http://www.w3.org/2004/02/skos/core#closeMatch
C_CHMF,C_CHMF,one-to-one correspondence,one-to-one correspondence,http://www.w3.org/2004/02/skos/core#exactMatch
C_FIBR,C_FIBR,many-to-one correspondence,many-to-one correspondence,http://www.w3.org/2004/02/skos/core#closeMatch
C_ORAN,C_ORAN,one-to-one correspondence,one-to-one correspondence,http://www.w3.org/2004/02/skos/core#exactMatch
C_POWE,C_POWE,one-to-one correspondence,one-to-one correspondence,http://www.w3.org/2004/02/skos/core#exactMatch
C_bus,C_MOTO,many-to-one correspondence,many-to-one correspondence,http://www.w3.org/2004/02/skos/core#closeMatch
C_ALUM,C_ALUM,one-to-one correspondence,one-to-one correspondence,http://www.w3.org/2004/02/skos/core#exactMatch
C_COPP,C_COPP,one-to-one correspondence,one-to-one correspondence,http://www.w3.org/2004/02/skos/core#exactMatch
C_GLAS,C_GLAS,one-to-one correspondence,one-to-one correspondence,http://www.w3.org/2004/02/skos/core#exactMatch
C_LZTP,C_LZTP,one-to-one correspondence,one-to-one correspondence,http://www.w3.org/2004/02/skos/core#exactMatch
C_ONFM,C_ONFM,one-to-one correspondence,one-to-one correspondence,http://www.w3.org/2004/02/skos/core#exactMatch
C_STEL,C_STEL,one-to-one correspondence,one-to-one correspondence,http://www.w3.org/2004/02/skos/core#exactMatch
C_TEXT,C_TEXT,one-to-one correspondence,one-to-one correspondence,http://www.w3.org/2004/02/skos/core#exactMatch
C_OGPL,C_OGPL,one-to-one correspondence,one-to-one correspondence,http://www.w3.org/2004/02/skos/core#exactMatch
C_PLAS,C_PLAS,one-to-one correspondence,one-to-one correspondence,http://www.w3.org/2004/02/skos/core#exactMatch
C_PULP,C_PULP,one-to-one correspondence,one-to-one correspondence,http://www.w3.org/2004/02/skos/core#exactMatch
C_RUBP,C_RUBP,one-to-one correspondence,one-to-one correspondence,http://www.w3.org/2004/02/skos/core#exactMatch
C_SDCL,C_SDCL,one-to-one correspondence,one-to-one correspondence,http://www.w3.org/2004/02/skos/core#exactMatch
C_STON,C_STON,one-to-one correspondence,one-to-one correspondence,http://www.w3.org/2004/02/skos/core#exactMatch
C_FORE,C_FORE,many-to-one correspondence,many-to-one correspondence,http://www.w3.org/2004/02/skos/core#closeMatch
C_FISH,C_FISH,many-to-one correspondence,many-to-one correspondence,http://www.w3.org/2004/02/skos/core#closeMatch
C_CHEM,C_CHEM,one-to-one correspondence,one-to-one correspondence,http://www.w3.org/2004/02/skos/core#exactMatch
C_GCOK,C_GCOK,one-to-one correspondence,one-to-one correspondence,http://www.w3.org/2004/02/skos/core#exactMatch
C_GJET,C_GJET,one-to-one correspondence,one-to-one correspondence,http://www.w3.org/2004/02/skos/core#exactMatch
C_BITU,C_BITU,one-to-one correspondence,one-to-one correspondence,http://www.w3.org/2004/02/skos/core#exactMatch
C_COKE,C_COKE,one-to-one correspondence,one-to-one correspondence,http://www.w3.org/2004/02/skos/core#exactMatch
C_NUCF,C_NUCF,one-to-one correspondence,one-to-one correspondence,http://www.w3.org/2004/02/skos/core#exactMatch
C_ETHA,C_ETHA,one-to-one correspondence,one-to-one correspondence,http://www.w3.org/2004/02/skos/core#exactMatch
C_BIOS,C_BIOS,many-to-one correspondence,many-to-one correspondence,http://www.w3.org/2004/02/skos/core#closeMatch
C_ONFO,C_ONFO,one-to-one correspondence,one-to-one correspondence,http://www.w3.org/2004/02/skos/core#exactMatch
C_MBIO,C_MBIO,one-to-one correspondence,one-to-one correspondence,http://www.w3.org/2004/02/skos/core#exactMatch
C_AGSL,C_AGSL,one-to-one correspondence,one-to-one correspondence,http://www.w3.org/2004/02/skos/core#exactMatch
C_COMW,C_COMW,many-to-one correspondence,many-to-one correspondence,http://www.w3.org/2004/02/skos/core#closeMatch
C_MBFG,C_MBFG,one-to-one correspondence,one-to-one correspondence,http://www.w3.org/2004/02/skos/core#exactMatch
C_RGAS,C_RGAS,one-to-one correspondence,one-to-one correspondence,http://www.w3.org/2004/02/skos/core#exactMatch
C_COIL,C_COIL,one-to-one correspondence,one-to-one correspondence,http://www.w3.org/2004/02/skos/core#exactMatch
C_NAPT,C_NAPT,one-to-one correspondence,one-to-one correspondence,http://www.w3.org/2004/02/skos/core#exactMatch
C_MGWG,C_MGWG,one-to-one correspondence,one-to-one correspondence,http://www.w3.org/2004/02/skos/core#exactMatch
C_CHAR,C_CHAR,one-to-one correspondence,one-to-one correspondence,http://www.w3.org/2004/02/skos/core#exactMatch
C_LUBR,C_LUBR,one-to-one correspondence,one-to-one correspondence,http://www.w3.org/2004/02/skos/core#exactMatch
C_WOOL,C_WOOL,one-to-one correspondence,one-to-one correspondence,http://www.w3.org/2004/02/skos/core#exactMatch
C_BIOP,C_BIOP,many-to-one correspondence,many-to-one correspondence,http://www.w3.org/2004/02/skos/core#closeMatch
C_BIOG,C_BIOG,one-to-one correspondence,one-to-one correspondence,http://www.w3.org/2004/02/skos/core#exactMatch
C_ADDC,C_ADDC,one-to-one correspondence,one-to-one correspondence,http://www.w3.org/2004/02/skos/core#exactMatch
C_ANTH,C_ANTH,one-to-one correspondence,one-to-one correspondence,http://www.w3.org/2004/02/skos/core#exactMatch
C_PATF,C_PATF,one-to-one correspondence,one-to-one correspondence,http://www.w3.org/2004/02/skos/core#exactMatch
C_MOSG,C_MOSG,one-to-one correspondence,one-to-one correspondence,http://www.w3.org/2004/02/skos/core#exactMatch
C_COKC,C_COKC,one-to-one correspondence,one-to-one correspondence,http://www.w3.org/2004/02/skos/core#exactMatch
C_PARW,C_PARW,one-to-one correspondence,one-to-one correspondence,http://www.w3.org/2004/02/skos/core#exactMatch
C_GASE,C_GASE,one-to-one correspondence,one-to-one correspondence,http://www.w3.org/2004/02/skos/core#exactMatch
C_BKBP,C_BKBP,one-to-one correspondence,one-to-one correspondence,http://www.w3.org/2004/02/skos/core#exactMatch
C_GASL,C_GASL,one-to-one correspondence,one-to-one correspondence,http://www.w3.org/2004/02/skos/core#exactMatch
C_BIOD,C_BIOD,one-to-one correspondence,one-to-one correspondence,http://www.w3.org/2004/02/skos/core#exactMatch
C_REFF,C_REFF,one-to-one correspondence,one-to-one correspondence,http://www.w3.org/2004/02/skos/core#exactMatch
C_KJET,C_KJET,one-to-one correspondence,one-to-one correspondence,http://www.w3.org/2004/02/skos/core#exactMatch
C_LZTO,C_LZTO,one-to-one correspondence,one-to-one correspondence,http://www.w3.org/2004/02/skos/core#exactMatch
C_COOG,C_COOG,one-to-one correspondence,one-to-one correspondence,http://www.w3.org/2004/02/skos/core#exactMatch
C_OTBC,C_OTBC,one-to-one correspondence,one-to-one correspondence,http://www.w3.org/2004/02/skos/core#exactMatch
C_ALUO,C_ALUO,one-to-one correspondence,one-to-one correspondence,http://www.w3.org/2004/02/skos/core#exactMatch
C_NSPP,C_NSPP,one-to-one correspondence,one-to-one correspondence,http://www.w3.org/2004/02/skos/core#exactMatch
C_COPO,C_COPO,one-to-one correspondence,one-to-one correspondence,http://www.w3.org/2004/02/skos/core#exactMatch
C_WHSP,C_WHSP,one-to-one correspondence,one-to-one correspondence,http://www.w3.org/2004/02/skos/core#exactMatch
C_LIBC,C_LIBC,one-to-one correspondence,one-to-one correspondence,http://www.w3.org/2004/02/skos/core#exactMatch
C_SUBC,C_SUBC,one-to-one correspondence,one-to-one correspondence,http://www.w3.org/2004/02/skos/core#exactMatch
C_NIKO,C_NIKO,one-to-one correspondence,one-to-one correspondence,http://www.w3.org/2004/02/skos/core#exactMatch
C_WASF,C_WASF,many-to-one correspondence,many-to-one correspondence,http://www.w3.org/2004/02/skos/core#closeMatch
C_HWAT,C_HWAT,many-to-one correspondence,many-to-one correspondence,http://www.w3.org/2004/02/skos/core#closeMatch
C_FOIL,C_FOIL,one-to-one correspondence,one-to-one correspondence,http://www.w3.org/2004/02/skos/core#exactMatch
C_IRON,C_IRON,one-to-one correspondence,one-to-one correspondence,http://www.w3.org/2004/02/skos/core#exactMatch
C_MGSL,C_MGSL,one-to-one correspondence,one-to-one correspondence,http://www.w3.org/2004/02/skos/core#exactMatch
C_KERO,C_KERO,one-to-one correspondence,one-to-one correspondence,http://www.w3.org/2004/02/skos/core#exactMatch
C_DOIL,C_DOIL,one-to-one correspondence,one-to-one correspondence,http://www.w3.org/2004/02/skos/core#exactMatch
C_PEAT,C_PEAT,one-to-one correspondence,one-to-one correspondence,http://www.w3.org/2004/02/skos/core#exactMatch
C_PREO,C_PREO,one-to-one correspondence,one-to-one correspondence,http://www.w3.org/2004/02/skos/core#exactMatch
C_COTA,C_COTA,one-to-one correspondence,one-to-one correspondence,http://www.w3.org/2004/02/skos/core#exactMatch
C_PETC,C_PETC,one-to-one correspondence,one-to-one correspondence,http://www.w3.org/2004/02/skos/core#exactMatch
C_COMF,C_COMF,many-to-one correspondence,many-to-one correspondence,http://www.w3.org/2004/02/skos/core#closeMatch
C_BIOF,C_BIOF,many-to-one correspondence,many-to-one correspondence,http://www.w3.org/2004/02/skos/core#closeMatch
C_LPGA,C_LPGA,one-to-one correspondence,one-to-one correspondence,http://www.w3.org/2004/02/skos/core#exactMatch
C_WASO,C_WASO,many-to-one correspondence,many-to-one correspondence,http://www.w3.org/2004/02/skos/core#closeMatch
C_elec_POWM,C_POWM,many-to-one correspondence,many-to-one correspondence,http://www.w3.org/2004/02/skos/core#closeMatch
C_elec_HWAT,C_HWAT,many-to-one correspondence,many-to-one correspondence,http://www.w3.org/2004/02/skos/core#closeMatch
C_elec_BIOF,C_BIOF,many-to-one correspondence,many-to-one correspondence,http://www.w3.org/2004/02/skos/core#closeMatch
C_elec_INCP,C_INCP,many-to-one correspondence,many-to-one correspondence,http://www.w3.org/2004/02/skos/core#closeMatch
C_elec_POWW,C_POWW,many-to-one correspondence,many-to-one correspondence,http://www.w3.org/2004/02/skos/core#closeMatch
C_elec_INCF,C_INCF,many-to-one correspondence,many-to-one correspondence,http://www.w3.org/2004/02/skos/core#closeMatch
C_elec_POWH,C_POWH,many-to-one correspondence,many-to-one correspondence,http://www.w3.org/2004/02/skos/core#closeMatch
C_elec_MANC,C_MANC,many-to-one correspondence,many-to-one correspondence,http://www.w3.org/2004/02/skos/core#closeMatch
C_elec_POWO,C_POWO,one-to-one correspondence,one-to-one correspondence,http://www.w3.org/2004/02/skos/core#exactMatch
C_elec_POWZ,C_POWZ,many-to-one correspondence,many-to-one correspondence,http://www.w3.org/2004/02/skos/core#closeMatch
C_elec_INCW,C_INCW,many-to-one correspondence,many-to-one correspondence,http://www.w3.org/2004/02/skos/core#closeMatch
C_elec_POWN,C_POWN,one-to-one correspondence,one-to-one correspondence,http://www.w3.org/2004/02/skos/core#exactMatch
C_elec_BIOP,C_BIOP,many-to-one correspondence,many-to-one correspondence,http://www.w3.org/2004/02/skos/core#closeMatch
C_elec_POWC,C_POWC,many-to-one correspondence,many-to-one correspondence,http://www.w3.org/2004/02/skos/core#closeMatch
C_elec_POWS,C_POWS,many-to-one correspondence,many-to-one correspondence,http://www.w3.org/2004/02/skos/core#closeMatch
C_elec_BIOS,C_BIOS,many-to-one correspondence,many-to-one correspondence,http://www.w3.org/2004/02/skos/core#closeMatch
C_elec_POWP,C_POWP,many-to-one correspondence,many-to-one correspondence,http://www.w3.org/2004/02/skos/core#closeMatch
C_elec_POWG,C_POWG,many-to-one correspondence,many-to-one correspondence,http://www.w3.org/2004/02/skos/core#closeMatch
C_elec_POWB,C_POWB,many-to-one correspondence,many-to-one correspondence,http://www.w3.org/2004/02/skos/core#closeMatch
C_heat_BIOF,C_BIOF,many-to-one correspondence,many-to-one correspondence,http://www.w3.org/2004/02/skos/core#closeMatch
C_heat_INCW,C_INCW,many-to-one correspondence,many-to-one correspondence,http://www.w3.org/2004/02/skos/core#closeMatch
C_heat_INCF,C_INCF,many-to-one correspondence,many-to-one correspondence,http://www.w3.org/2004/02/skos/core#closeMatch
C_heat_INCP,C_INCP,many-to-one correspondence,many-to-one correspondence,http://www.w3.org/2004/02/skos/core#closeMatch
C_heat_INCL,C_INCL,many-to-one correspondence,many-to-one correspondence,http://www.w3.org/2004/02/skos/core#closeMatch
C_heat_HWAT,C_HWAT,many-to-one correspondence,many-to-one correspondence,http://www.w3.org/2004/02/skos/core#closeMatch
C_heat_BIOP,C_BIOP,many-to-one correspondence,many-to-one correspondence,http://www.w3.org/2004/02/skos/core#closeMatch
C_heat_MANC,C_MANC,many-to-one correspondence,many-to-one correspondence,http://www.w3.org/2004/02/skos/core#closeMatch
C_heat_BIOS,C_BIOS,many-to-one correspondence,many-to-one correspondence,http://www.w3.org/2004/02/skos/core#closeMatch
C_elec_HCHEM,NA,many-to-one correspondence,many-to-one correspondence,http://www.w3.org/2004/02/skos/core#closeMatch
C_elec_BA_INCI,NA,many-to-one correspondence,many-to-one correspondence,http://www.w3.org/2004/02/skos/core#closeMatch
C_elec_INCL,NA,many-to-one correspondence,many-to-one correspondence,http://www.w3.org/2004/02/skos/core#closeMatch
C_elec_INC,NA,many-to-one correspondence,many-to-one correspondence,http://www.w3.org/2004/02/skos/core#closeMatch
C_elec_TE_INCI,NA,many-to-one correspondence,many-to-one correspondence,http://www.w3.org/2004/02/skos/core#closeMatch
C_elec_UN_INCI,NA,many-to-one correspondence,many-to-one correspondence,http://www.w3.org/2004/02/skos/core#closeMatch
C_elec_HA_INCI,NA,many-to-one correspondence,many-to-one correspondence,http://www.w3.org/2004/02/skos/core#closeMatch
C_elec_SE_INCI,NA,many-to-one correspondence,many-to-one correspondence,http://www.w3.org/2004/02/skos/core#closeMatch
C_elec_MA_INCI,NA,many-to-one correspondence,many-to-one correspondence,http://www.w3.org/2004/02/skos/core#closeMatch
C_elec_CHP,NA,many-to-one correspondence,many-to-one correspondence,http://www.w3.org/2004/02/skos/core#closeMatch
C_Bran_pul,C_OFOD,many-to-one correspondence,many-to-one correspondence,http://www.w3.org/2004/02/skos/core#closeMatch
C_Bran_whe,C_OFOD,many-to-one correspondence,many-to-one correspondence,http://www.w3.org/2004/02/skos/core#closeMatch
C_Bran_mil,C_OFOD,many-to-one correspondence,many-to-one correspondence,http://www.w3.org/2004/02/skos/core#closeMatch
C_Bran_fon,C_OFOD,many-to-one correspondence,many-to-one correspondence,http://www.w3.org/2004/02/skos/core#closeMatch
C_Bran_tri,C_OFOD,many-to-one correspondence,many-to-one correspondence,http://www.w3.org/2004/02/skos/core#closeMatch
C_Bran_oat,C_OFOD,many-to-one correspondence,many-to-one correspondence,http://www.w3.org/2004/02/skos/core#closeMatch
C_Bran_mix,C_OFOD,many-to-one correspondence,many-to-one correspondence,http://www.w3.org/2004/02/skos/core#closeMatch
C_Bran_ric,C_OFOD,many-to-one correspondence,many-to-one correspondence,http://www.w3.org/2004/02/skos/core#closeMatch
C_Bran_buc,C_OFOD,many-to-one correspondence,many-to-one correspondence,http://www.w3.org/2004/02/skos/core#closeMatch
C_Bran_sor,C_OFOD,many-to-one correspondence,many-to-one correspondence,http://www.w3.org/2004/02/skos/core#closeMatch
C_Bran_mai,C_OFOD,many-to-one correspondence,many-to-one correspondence,http://www.w3.org/2004/02/skos/core#closeMatch
C_Bran_cer,C_OFOD,many-to-one correspondence,many-to-one correspondence,http://www.w3.org/2004/02/skos/core#closeMatch
C_Bran_bar,C_OFOD,many-to-one correspondence,many-to-one correspondence,http://www.w3.org/2004/02/skos/core#closeMatch
C_Bran_rye,C_OFOD,many-to-one correspondence,many-to-one correspondence,http://www.w3.org/2004/02/skos/core#closeMatch
C_MM_INCI,C_INCM,many-to-one correspondence,many-to-one correspondence,http://www.w3.org/2004/02/skos/core#closeMatch
C_BA_INCI,C_INCM,many-to-one correspondence,many-to-one correspondence,http://www.w3.org/2004/02/skos/core#closeMatch
C_INCP_no_recov,C_INCP,many-to-one correspondence,many-to-one correspondence,http://www.w3.org/2004/02/skos/core#closeMatch
C_MM_INCI_no_recov,C_INCM,many-to-one correspondence,many-to-one correspondence,http://www.w3.org/2004/02/skos/core#closeMatch
C_MA_INCI_no_recov,NA,many-to-one correspondence,many-to-one correspondence,http://www.w3.org/2004/02/skos/core#closeMatch
C_GL_INCI_no_recov,C_INCM,many-to-one correspondence,many-to-one correspondence,http://www.w3.org/2004/02/skos/core#closeMatch
C_heat_TE_INCI,C_HWAT,many-to-one correspondence,many-to-one correspondence,http://www.w3.org/2004/02/skos/core#closeMatch
C_heat_SE_INCI,C_HWAT,many-to-one correspondence,many-to-one correspondence,http://www.w3.org/2004/02/skos/core#closeMatch
C_heat_HA_INCI,C_HWAT,many-to-one correspondence,many-to-one correspondence,http://www.w3.org/2004/02/skos/core#closeMatch
C_SE_INCI_no_recov,NA,many-to-one correspondence,many-to-one correspondence,http://www.w3.org/2004/02/skos/core#closeMatch
C_INCF_no_recov,C_INCF,many-to-one correspondence,many-to-one correspondence,http://www.w3.org/2004/02/skos/core#closeMatch
C_UN_INCI,C_INCM,many-to-one correspondence,many-to-one correspondence,http://www.w3.org/2004/02/skos/core#closeMatch
C_NF_INCI,C_INCM,many-to-one correspondence,many-to-one correspondence,http://www.w3.org/2004/02/skos/core#closeMatch
C_heat_UN_INCI,C_HWAT,many-to-one correspondence,many-to-one correspondence,http://www.w3.org/2004/02/skos/core#closeMatch
C_DE_INCI,C_INCM,many-to-one correspondence,many-to-one correspondence,http://www.w3.org/2004/02/skos/core#closeMatch
C_MNF_INCI_no_recov,C_INCM,many-to-one correspondence,many-to-one correspondence,http://www.w3.org/2004/02/skos/core#closeMatch
C_CO_INCI_no_recov,C_INCM,many-to-one correspondence,many-to-one correspondence,http://www.w3.org/2004/02/skos/core#closeMatch
C_DV_INCI_no_recov,C_INCM,many-to-one correspondence,many-to-one correspondence,http://www.w3.org/2004/02/skos/core#closeMatch
C_TE_INCI_no_recov,C_INCT,many-to-one correspondence,many-to-one correspondence,http://www.w3.org/2004/02/skos/core#closeMatch
C_HA_INCI_no_recov,C_INCO,many-to-one correspondence,many-to-one correspondence,http://www.w3.org/2004/02/skos/core#closeMatch
C_BA_INCI_no_recov,C_INCM,many-to-one correspondence,many-to-one correspondence,http://www.w3.org/2004/02/skos/core#closeMatch
C_ST_INCI_no_recov,C_INCM,many-to-one correspondence,many-to-one correspondence,http://www.w3.org/2004/02/skos/core#closeMatch
C_heat_MA_INCI,C_HWAT,many-to-one correspondence,many-to-one correspondence,http://www.w3.org/2004/02/skos/core#closeMatch
C_UN_INCI_no_recov,C_INCM,many-to-one correspondence,many-to-one correspondence,http://www.w3.org/2004/02/skos/core#closeMatch
C_DV_INCI,C_INCM,many-to-one correspondence,many-to-one correspondence,http://www.w3.org/2004/02/skos/core#closeMatch
C_DE_INCI_no_recov,C_INCM,many-to-one correspondence,many-to-one correspondence,http://www.w3.org/2004/02/skos/core#closeMatch
C_INCL_no_recov,C_INCL,many-to-one correspondence,many-to-one correspondence,http://www.w3.org/2004/02/skos/core#closeMatch
C_INCW_no_recovery,C_INCW,many-to-one correspondence,many-to-one correspondence,http://www.w3.org/2004/02/skos/core#closeMatch
C_heat_BA_INCI,C_HWAT,many-to-one correspondence,many-to-one correspondence,http://www.w3.org/2004/02/skos/core#closeMatch
C_MA_INCI,NA,many-to-one correspondence,many-to-one correspondence,http://www.w3.org/2004/02/skos/core#closeMatch
C_MNF_INCI,C_INCM,many-to-one correspondence,many-to-one correspondence,http://www.w3.org/2004/02/skos/core#closeMatch
C_HEAT,C_HWAT,many-to-one correspondence,many-to-one correspondence,http://www.w3.org/2004/02/skos/core#closeMatch
C_FORE_comb,C_FORE,many-to-one correspondence,many-to-one correspondence,http://www.w3.org/2004/02/skos/core#closeMatch
C_BA_LAND,C_LANI,many-to-one correspondence,many-to-one correspondence,http://www.w3.org/2004/02/skos/core#closeMatch
C_MM_LAND,C_LANI,many-to-one correspondence,many-to-one correspondence,http://www.w3.org/2004/02/skos/core#closeMatch
C_UN_LAND,C_LANI,many-to-one correspondence,many-to-one correspondence,http://www.w3.org/2004/02/skos/core#closeMatch
C_DE_LAND,C_LANI,many-to-one correspondence,many-to-one correspondence,http://www.w3.org/2004/02/skos/core#closeMatch
C_NF_LAND,C_LANI,many-to-one correspondence,many-to-one correspondence,http://www.w3.org/2004/02/skos/core#closeMatch
C_MA_LAND,NA,many-to-one correspondence,many-to-one correspondence,http://www.w3.org/2004/02/skos/core#closeMatch
C_MNF_LAND,C_LANI,many-to-one correspondence,many-to-one correspondence,http://www.w3.org/2004/02/skos/core#closeMatch
C_DV_LAND,C_LANI,many-to-one correspondence,many-to-one correspondence,http://www.w3.org/2004/02/skos/core#closeMatch
C_PL_OTHE,NA,many-to-one correspondence,many-to-one correspondence,http://www.w3.org/2004/02/skos/core#closeMatch
C_DE_OTHE,NA,many-to-one correspondence,many-to-one correspondence,http://www.w3.org/2004/02/skos/core#closeMatch
C_TE_OTHE,NA,many-to-one correspondence,many-to-one correspondence,http://www.w3.org/2004/02/skos/core#closeMatch
C_BA_OTHE,NA,many-to-one correspondence,many-to-one correspondence,http://www.w3.org/2004/02/skos/core#closeMatch
C_SE_OTHE,NA,many-to-one correspondence,many-to-one correspondence,http://www.w3.org/2004/02/skos/core#closeMatch
C_MNF_OTHE,NA,many-to-one correspondence,many-to-one correspondence,http://www.w3.org/2004/02/skos/core#closeMatch
C_GL_OTHE,NA,many-to-one correspondence,many-to-one correspondence,http://www.w3.org/2004/02/skos/core#closeMatch
C_UN_OTHE,NA,many-to-one correspondence,many-to-one correspondence,http://www.w3.org/2004/02/skos/core#closeMatch
C_HA_OTHE,NA,many-to-one correspondence,many-to-one correspondence,http://www.w3.org/2004/02/skos/core#closeMatch
C_MA_OTHE,NA,many-to-one correspondence,many-to-one correspondence,http://www.w3.org/2004/02/skos/core#closeMatch
C_DV_OTHE,NA,many-to-one correspondence,many-to-one correspondence,http://www.w3.org/2004/02/skos/core#closeMatch
C_CO_OTHE,NA,many-to-one correspondence,many-to-one correspondence,http://www.w3.org/2004/02/skos/core#closeMatch
C_NF_OTHE,NA,many-to-one correspondence,many-to-one correspondence,http://www.w3.org/2004/02/skos/core#closeMatch
C_MM_OTHE,NA,many-to-one correspondence,many-to-one correspondence,http://www.w3.org/2004/02/skos/core#closeMatch
C_ST_OTHE,NA,many-to-one correspondence,many-to-one correspondence,http://www.w3.org/2004/02/skos/core#closeMatch
C_BA_RECY,NA (1-to-many),many-to-one correspondence,many-to-one correspondence,http://www.w3.org/2004/02/skos/core#closeMatch
C_DV_RECY,NA (1-to-many),many-to-one correspondence,many-to-one correspondence,http://www.w3.org/2004/02/skos/core#closeMatch
C_SE_RECY,C_BIOS,many-to-one correspondence,many-to-one correspondence,http://www.w3.org/2004/02/skos/core#closeMatch
C_MM_RECY,NA (1-to-many),many-to-one correspondence,many-to-one correspondence,http://www.w3.org/2004/02/skos/core#closeMatch
C_TE_RECY,NA,many-to-one correspondence,many-to-one correspondence,http://www.w3.org/2004/02/skos/core#closeMatch
C_MA_RECY,C_MANB,one-to-one correspondence,one-to-one correspondence,http://www.w3.org/2004/02/skos/core#exactMatch
C_NF_RECY,NA (1-to-many),many-to-one correspondence,many-to-one correspondence,http://www.w3.org/2004/02/skos/core#closeMatch
C_FO_RECY,C_COMF,many-to-one correspondence,many-to-one correspondence,http://www.w3.org/2004/02/skos/core#closeMatch
C_UN_RECY,NA (1-to-many),many-to-one correspondence,many-to-one correspondence,http://www.w3.org/2004/02/skos/core#closeMatch
C_DE_RECY,NA (1-to-many),many-to-one correspondence,many-to-one correspondence,http://www.w3.org/2004/02/skos/core#closeMatch
C_HA_RECY,NA (1-to-many),many-to-one correspondence,many-to-one correspondence,http://www.w3.org/2004/02/skos/core#closeMatch
C_MNF_RECY,NA (1-to-many),many-to-one correspondence,many-to-one correspondence,http://www.w3.org/2004/02/skos/core#closeMatch
C_Pfert_MANC,C_PFER,many-to-one correspondence,many-to-one correspondence,http://www.w3.org/2004/02/skos/core#closeMatch
C_N_urea,C_NFER,many-to-one correspondence,many-to-one correspondence,http://www.w3.org/2004/02/skos/core#closeMatch
C_Nfer_BIOP,C_NFER,many-to-one correspondence,many-to-one correspondence,http://www.w3.org/2004/02/skos/core#closeMatch
C_Nfer_BIOS,C_NFER,many-to-one correspondence,many-to-one correspondence,http://www.w3.org/2004/02/skos/core#closeMatch
C_bot_water,NA,many-to-one correspondence,many-to-one correspondence,http://www.w3.org/2004/02/skos/core#closeMatch
C_SEW_wwater,NA (1-to-many),many-to-one correspondence,many-to-one correspondence,http://www.w3.org/2004/02/skos/core#closeMatch
C_WAHS,V_WAHS,one-to-one correspondence,one-to-one correspondence,http://www.w3.org/2004/02/skos/core#exactMatch
C_2_air,V_WAMS,many-to-one correspondence,many-to-one correspondence,http://www.w3.org/2004/02/skos/core#closeMatch
C_NOPS,V_NOPS,one-to-one correspondence,one-to-one correspondence,http://www.w3.org/2004/02/skos/core#exactMatch
C_Oil_tung,C_VOIL,many-to-one correspondence,many-to-one correspondence,http://www.w3.org/2004/02/skos/core#closeMatch
C_N_AmmNit,C_NFER,many-to-one correspondence,many-to-one correspondence,http://www.w3.org/2004/02/skos/core#closeMatch
C_N_CaAmNit,C_NFER,many-to-one correspondence,many-to-one correspondence,http://www.w3.org/2004/02/skos/core#closeMatch
C_heat_EBOIL,C_HWAT,many-to-one correspondence,many-to-one correspondence,http://www.w3.org/2004/02/skos/core#closeMatch
C_NP_fert,NA (1-to-many),many-to-one correspondence,many-to-one correspondence,http://www.w3.org/2004/02/skos/core#closeMatch
C_Ice_e,C_DAIR,many-to-one correspondence,many-to-one correspondence,http://www.w3.org/2004/02/skos/core#closeMatch
C_PK_fert,C_PFER,many-to-one correspondence,many-to-one correspondence,http://www.w3.org/2004/02/skos/core#closeMatch
C_feed_biog,C_OFOD,many-to-one correspondence,many-to-one correspondence,http://www.w3.org/2004/02/skos/core#closeMatch
C_NK_fert,NA (1-to-many),many-to-one correspondence,many-to-one correspondence,http://www.w3.org/2004/02/skos/core#closeMatch
C_COFC,V_COFC,one-to-one correspondence,one-to-one correspondence,http://www.w3.org/2004/02/skos/core#exactMatch
C_TLSA,T_TLSA,one-to-one correspondence,one-to-one correspondence,http://www.w3.org/2004/02/skos/core#exactMatch
C_Milk_dry,C_DAIR,many-to-many correspondence,many-to-one correspondence,http://www.w3.org/2004/02/skos/core#relatedMatch
C_heat_HPUMP,C_HWAT,many-to-one correspondence,many-to-one correspondence,http://www.w3.org/2004/02/skos/core#closeMatch
C_WALS,V_WALS,one-to-one correspondence,one-to-one correspondence,http://www.w3.org/2004/02/skos/core#exactMatch
C_Pfert_BIOF,C_PFER,many-to-one correspondence,many-to-one correspondence,http://www.w3.org/2004/02/skos/core#closeMatch
C_Pfert,C_PFER,many-to-one correspondence,many-to-one correspondence,http://www.w3.org/2004/02/skos/core#closeMatch
C_industrial_waste,NA,many-to-one correspondence,many-to-one correspondence,http://www.w3.org/2004/02/skos/core#closeMatch
C_WAMS,V_WAMS,many-to-one correspondence,many-to-one correspondence,http://www.w3.org/2004/02/skos/core#closeMatch
C_Nfer_BIOF,C_NFER,many-to-one correspondence,many-to-one correspondence,http://www.w3.org/2004/02/skos/core#closeMatch
C_ONTP,V_ONTP,one-to-one correspondence,one-to-one correspondence,http://www.w3.org/2004/02/skos/core#exactMatch
C_N_AmmSol,C_NFER,many-to-one correspondence,many-to-one correspondence,http://www.w3.org/2004/02/skos/core#closeMatch
C_munic_non_renew_waste,NA,many-to-one correspondence,many-to-one correspondence,http://www.w3.org/2004/02/skos/core#closeMatch
C_heat_CHP,C_HWAT,many-to-one correspondence,many-to-one correspondence,http://www.w3.org/2004/02/skos/core#closeMatch
C_Kfert,C_PFER,many-to-one correspondence,many-to-one correspondence,http://www.w3.org/2004/02/skos/core#closeMatch
C_Tung_nuts,C_FVEG,many-to-one correspondence,many-to-one correspondence,http://www.w3.org/2004/02/skos/core#closeMatch
C_munic_renew_waste,NA,many-to-one correspondence,many-to-one correspondence,http://www.w3.org/2004/02/skos/core#closeMatch
C_N_solution,C_NFER,many-to-one correspondence,many-to-one correspondence,http://www.w3.org/2004/02/skos/core#closeMatch
C_NPK,NA (1-to-many),many-to-one correspondence,many-to-one correspondence,http://www.w3.org/2004/02/skos/core#closeMatch
C_Pfert_BIOP,C_PFER,many-to-one correspondence,many-to-one correspondence,http://www.w3.org/2004/02/skos/core#closeMatch
C_Nat_Elec,NA,many-to-one correspondence,many-to-one correspondence,http://www.w3.org/2004/02/skos/core#closeMatch
C_Pfert_BIOS,C_PFER,many-to-one correspondence,many-to-one correspondence,http://www.w3.org/2004/02/skos/core#closeMatch
C_Nfer_MANC,C_NFER,many-to-one correspondence,many-to-one correspondence,http://www.w3.org/2004/02/skos/core#closeMatch
